date,day_of_week,is_weekend,month,quarter,is_month_end,total_txn_count,total_amount_thb,avg_txn_amount,atm_txn_count,online_txn_count,branch_txn_count,new_customers,fraud_count,interbank_rate,usd_thb_rate,next_day_total_amount
2023-01-01,Sunday,1,1,1,0,1708,42702129.06,25001.25,209,998,501,69,2,1.8019,34.5549,45978999.18
2023-01-02,Monday,0,1,1,0,2101,45978999.18,21884.34,418,1124,559,11,1,2.2191,34.7867,45611761.53
2023-01-03,Tuesday,0,1,1,0,2002,45611761.53,22783.1,390,821,791,45,0,2.0703,36.0137,51806989.76
2023-01-04,Wednesday,0,1,1,0,2225,51806989.76,23284.04,390,1305,530,53,0,1.9104,34.417,57887072.95
2023-01-05,Thursday,0,1,1,0,2177,57887072.95,26590.3,522,1039,616,43,1,1.968,36.0268,61166149.24
2023-01-06,Friday,0,1,1,0,2177,61166149.24,28096.53,361,1035,781,68,0,1.9151,34.909,79078729.04
2023-01-07,Saturday,1,1,1,0,2535,79078729.04,31194.76,564,1578,393,45,1,2.1988,34.3948,63109190.78
2023-01-08,Sunday,1,1,1,0,1547,63109190.78,40794.56,250,793,504,56,1,2.0487,33.8744,68570549.69
2023-01-09,Monday,0,1,1,0,2177,68570549.69,31497.73,371,965,841,69,1,2.299,35.6808,74975870.66
2023-01-10,Tuesday,0,1,1,0,2086,74975870.66,35942.41,429,1127,530,62,2,2.2126,34.1001,74868385.58
2023-01-11,Wednesday,0,1,1,0,2094,74868385.58,35753.77,507,1049,538,66,2,2.4395,34.2432,72666826.51
2023-01-12,Thursday,0,1,1,0,1999,72666826.51,36351.59,409,1022,568,44,2,2.4852,35.1751,72197079.73
2023-01-13,Friday,0,1,1,0,2089,72197079.73,34560.59,359,1171,559,43,1,1.6964,36.1212,91445047.18
2023-01-14,Saturday,1,1,1,0,2632,91445047.18,34743.56,543,1198,891,67,4,2.4471,34.1144,67903194.98
2023-01-15,Sunday,1,1,1,0,1488,67903194.98,45633.87,209,753,526,56,1,2.3681,34.4762,78217617.4
2023-01-16,Monday,0,1,1,0,2328,78217617.4,33598.63,384,945,999,58,3,2.155,35.9592,85381361.05
2023-01-17,Tuesday,0,1,1,0,2134,85381361.05,40010.01,329,1311,494,78,4,1.9218,35.7047,91703570.05
2023-01-18,Wednesday,0,1,1,0,2136,91703570.05,42932.38,239,1044,853,32,2,1.909,36.2493,93498571.6
2023-01-19,Thursday,0,1,1,0,2143,93498571.6,43629.76,257,1163,723,38,2,2.0158,36.4753,95292474.67
2023-01-20,Friday,0,1,1,0,2082,95292474.67,45769.68,227,1079,776,35,0,2.0171,35.3029,128617578.45
2023-01-21,Saturday,1,1,1,0,2579,128617578.45,49871.1,575,1482,522,46,0,2.366,36.4704,114025689.61
2023-01-22,Sunday,1,1,1,0,1702,114025689.61,66995.12,369,788,545,68,0,1.5627,35.143,127725009.65
2023-01-23,Monday,0,1,1,0,2201,127725009.65,58030.45,329,1109,763,36,0,2.0644,35.9557,135295799.1
2023-01-24,Tuesday,0,1,1,0,2215,135295799.1,61081.62,322,1338,555,49,1,2.4409,36.0773,184332436.06
2023-01-25,Wednesday,0,1,1,1,2653,184332436.06,69480.75,606,1154,893,33,1,1.978,35.808,286655470.9
2023-01-26,Thursday,0,1,1,1,3039,286655470.9,94325.59,572,1765,702,46,5,1.5474,35.8756,404623561.45
2023-01-27,Friday,0,1,1,1,2941,404623561.45,137580.27,495,1372,1074,32,5,2.486,35.4813,713518703.6
2023-01-28,Saturday,1,1,1,1,3455,713518703.6,206517.71,719,1465,1271,41,2,2.0233,36.4804,708481516.62
2023-01-29,Sunday,1,1,1,1,1996,708481516.62,354950.66,438,1177,381,45,3,2.2814,35.053,1033224164.75
2023-01-30,Monday,0,1,1,1,2795,1033224164.75,369668.75,436,1403,956,46,4,1.7056,34.2218,1090112035.13
2023-01-31,Tuesday,0,1,1,1,2206,1090112035.13,494157.77,549,1063,594,66,0,2.2457,34.6819,1227808128.04
2023-02-01,Wednesday,0,2,1,0,2366,1227808128.04,518938.35,582,1131,653,49,4,1.9003,33.7679,1390813991.18
2023-02-02,Thursday,0,2,1,0,2171,1390813991.18,640632.88,424,946,801,36,3,1.8175,33.725,1646885790.83
2023-02-03,Friday,0,2,1,0,2405,1646885790.83,684775.8,288,1147,970,52,3,1.9454,34.1735,2233750425.85
2023-02-04,Saturday,1,2,1,0,2645,2233750425.85,844518.12,655,1564,426,39,4,2.267,34.7696,1793129227.57
2023-02-05,Sunday,1,2,1,0,1643,1793129227.57,1091375.06,290,923,430,58,0,2.0873,35.0831,1931262599.64
2023-02-06,Monday,0,2,1,0,2244,1931262599.64,860633.96,280,1443,521,20,1,1.7346,35.7805,2178314771.49
2023-02-07,Tuesday,0,2,1,0,2202,2178314771.49,989243.77,511,1301,390,65,3,1.9105,34.2523,2674102310.32
2023-02-08,Wednesday,0,2,1,0,2357,2674102310.32,1134536.41,331,1521,505,32,4,1.961,35.9127,3044046046.1
2023-02-09,Thursday,0,2,1,0,2210,3044046046.1,1377396.4,491,1219,500,58,3,2.0231,34.7529,3644090957.91
2023-02-10,Friday,0,2,1,0,2500,3644090957.91,1457636.38,419,1299,782,57,2,1.6231,34.0966,5357028631.72
2023-02-11,Saturday,1,2,1,0,2904,5357028631.72,1844706.83,364,1665,875,63,4,2.4821,35.055,4234162181.44
2023-02-12,Sunday,1,2,1,0,1542,4234162181.44,2745889.87,293,817,432,45,0,2.2639,34.5386,5210212510.12
2023-02-13,Monday,0,2,1,0,2412,5210212510.12,2160121.27,330,1161,921,62,4,2.4536,35.2475,6104469720.56
2023-02-14,Tuesday,0,2,1,0,2276,6104469720.56,2682104.45,441,1223,612,39,0,2.1379,34.0452,7143171131.26
2023-02-15,Wednesday,0,2,1,0,2308,7143171131.26,3094961.5,538,1082,688,38,4,1.8077,33.9758,7982151494.24
2023-02-16,Thursday,0,2,1,0,2180,7982151494.24,3661537.38,416,1140,624,50,0,2.0429,35.5758,8957435020.8
2023-02-17,Friday,0,2,1,0,2292,8957435020.8,3908130.46,297,1345,650,69,2,1.6344,36.455,12431038942.24
2023-02-18,Saturday,1,2,1,0,2830,12431038942.24,4392593.27,348,1327,1155,68,1,2.0151,33.8203,11340456087.5
2023-02-19,Sunday,1,2,1,0,1759,11340456087.5,6447104.09,239,1043,477,55,2,1.6769,34.1527,13687760364.29
2023-02-20,Monday,0,2,1,0,2374,13687760364.29,5765695.18,406,1226,742,7,2,1.6756,33.7791,15659976275.52
2023-02-21,Tuesday,0,2,1,0,2381,15659976275.52,6577058.49,297,1521,563,59,3,1.5248,35.945,18944189819.44
2023-02-22,Wednesday,0,2,1,0,2311,18944189819.44,8197399.32,249,1483,579,26,4,2.2092,34.1029,22297847326.81
2023-02-23,Thursday,0,2,1,0,2323,22297847326.81,9598728.94,445,1444,434,45,1,2.1626,33.5427,26256711090.01
2023-02-24,Friday,0,2,1,0,2365,26256711090.01,11102203.42,575,1025,765,76,0,2.2534,36.4386,48656347887.09
2023-02-25,Saturday,1,2,1,1,3883,48656347887.09,12530607.23,714,1775,1394,56,5,1.713,34.1835,52163460475.43
2023-02-26,Sunday,1,2,1,1,2147,52163460475.43,24295976.0,336,1227,584,57,0,2.4337,34.8138,83319974347.27
2023-02-27,Monday,0,2,1,1,3196,83319974347.27,26070079.58,726,1364,1106,67,5,2.2173,36.3303,129133988326.98
2023-02-28,Tuesday,0,2,1,1,2986,129133988326.98,43246479.68,361,1867,758,27,5,2.0331,35.6454,150990121756.6
2023-03-01,Wednesday,0,3,1,0,2373,150990121756.6,63628369.89,312,1465,596,63,1,2.3916,35.7201,169983153716.31
2023-03-02,Thursday,0,3,1,0,2344,169983153716.31,72518410.29,384,1450,510,52,0,1.5051,34.5706,182530647821.14
2023-03-03,Friday,0,3,1,0,2153,182530647821.14,84779678.5,278,1032,843,42,1,2.2639,35.7661,253446747948.24
2023-03-04,Saturday,1,3,1,0,2917,253446747948.24,86886098.03,679,1782,456,61,4,1.7344,35.1054,204896938005.03
2023-03-05,Sunday,1,3,1,0,1666,204896938005.03,122987357.75,369,1047,250,32,0,2.0108,35.2684,232139127017.81
2023-03-06,Monday,0,3,1,0,2171,232139127017.81,106927280.98,388,1152,631,43,3,1.8196,33.6588,283954179902.76
2023-03-07,Tuesday,0,3,1,0,2490,283954179902.76,114037823.25,540,1420,530,44,3,2.4249,34.2623,345703946175.5
2023-03-08,Wednesday,0,3,1,0,2509,345703946175.5,137785550.49,607,1613,289,31,3,1.7111,35.2125,427980355956.33
2023-03-09,Thursday,0,3,1,0,2379,427980355956.33,179899266.9,336,1341,702,34,2,1.7985,34.509,502309315649.53
2023-03-10,Friday,0,3,1,0,2421,502309315649.53,207480097.34,336,1447,638,48,1,2.2925,35.5899,688400655166.13
2023-03-11,Saturday,1,3,1,0,2833,688400655166.13,242993524.59,445,1208,1180,43,3,2.0527,34.0113,585366118899.14
2023-03-12,Sunday,1,3,1,0,1740,585366118899.14,336417309.71,424,788,528,57,0,1.5761,35.8695,723134037193.42
2023-03-13,Monday,0,3,1,0,2502,723134037193.42,289022396.96,398,1044,1060,81,1,1.7057,36.2742,827307566369.34
2023-03-14,Tuesday,0,3,1,0,2333,827307566369.34,354611044.31,411,1417,505,33,2,1.7063,36.22,983496533057.31
2023-03-15,Wednesday,0,3,1,0,2330,983496533057.31,422101516.33,545,958,827,83,1,1.5835,35.2552,1055077506848.77
2023-03-16,Thursday,0,3,1,0,2164,1055077506848.77,487558921.83,261,897,1006,40,1,1.9703,35.3651,1239090513205.97
2023-03-17,Friday,0,3,1,0,2384,1239090513205.97,519752732.05,313,1510,561,46,3,2.4756,33.6771,1709713081230.73
2023-03-18,Saturday,1,3,1,0,2723,1709713081230.73,627878472.73,348,1351,1024,49,4,1.9111,33.7045,1359275458395.82
2023-03-19,Sunday,1,3,1,0,1642,1359275458395.82,827816966.14,358,941,343,55,0,2.3706,35.3142,1725612333342.5
2023-03-20,Monday,0,3,1,0,2468,1725612333342.5,699194624.53,476,1334,658,46,2,1.727,34.7314,2129300390044.47
2023-03-21,Tuesday,0,3,1,0,2405,2129300390044.47,885363987.54,320,1345,740,69,4,1.5484,36.4224,2599921345218.23
2023-03-22,Wednesday,0,3,1,0,2502,2599921345218.23,1039137228.3,592,1257,653,68,3,1.8376,35.1259,2873539396588.99
2023-03-23,Thursday,0,3,1,0,2226,2873539396588.99,1290898201.52,382,943,901,49,4,2.1079,36.3332,3516455029550.65
2023-03-24,Friday,0,3,1,0,2487,3516455029550.65,1413934471.07,336,1437,714,56,4,1.8879,34.0459,6296319940066.04
2023-03-25,Saturday,1,3,1,1,3449,6296319940066.04,1825549417.24,823,1969,657,27,0,2.2922,36.4514,7289918039100.22
2023-03-26,Sunday,1,3,1,1,2214,7289918039100.22,3292645907.45,271,973,970,64,2,1.7698,35.5726,11116662788674.5
2023-03-27,Monday,0,3,1,1,3027,11116662788674.5,3672501747.17,564,1761,702,55,2,2.384,34.9134,15884329945098.26
2023-03-28,Tuesday,0,3,1,1,2951,15884329945098.26,5382693983.43,647,1694,610,34,5,2.299,34.3925,22971999674365.74
2023-03-29,Wednesday,0,3,1,1,2887,22971999674365.74,7957048726.83,433,1760,694,46,3,1.5825,34.7561,35957005786319.96
2023-03-30,Thursday,0,3,1,1,3215,35957005786319.96,11184138658.26,620,1808,787,51,4,1.6944,33.6269,43325196247523.29
2023-03-31,Friday,0,3,1,1,2485,43325196247523.29,17434686618.72,428,1512,545,89,3,1.8773,35.9063,65350795657586.59
2023-04-01,Saturday,1,4,2,0,3072,65350795657586.59,21273045461.45,703,1301,1068,42,4,1.5326,36.4248,58026769135689.34
2023-04-02,Sunday,1,4,2,0,1775,58026769135689.34,32691137541.23,349,728,698,36,2,1.5988,34.0021,68987317492878.83
2023-04-03,Monday,0,4,2,0,2447,68987317492878.83,28192610336.28,558,1528,361,57,1,1.5536,35.4899,88453428465398.3
2023-04-04,Tuesday,0,4,2,0,2494,88453428465398.3,35466490964.47,429,1619,446,67,2,1.8479,36.1774,104122798770444.9
2023-04-05,Wednesday,0,4,2,0,2372,104122798770444.9,43896626800.36,496,1393,483,28,0,1.7539,35.0011,122600396933274.42
2023-04-06,Thursday,0,4,2,0,2249,122600396933274.42,54513293434.09,324,1157,768,68,2,1.6355,34.085,149723781191627.1
2023-04-07,Friday,0,4,2,0,2427,149723781191627.1,61690886358.31,575,971,881,56,3,2.3736,33.8364,207795393308676.25
2023-04-08,Saturday,1,4,2,0,2743,207795393308676.25,75754791581.73,391,1779,573,51,0,2.0804,36.1263,187116044944444.47
2023-04-09,Sunday,1,4,2,0,1720,187116044944444.47,108788398223.51,227,860,633,88,2,1.6114,33.9192,218641330025819.06
2023-04-10,Monday,0,4,2,0,2299,218641330025819.06,95102796879.43,395,1354,550,63,4,1.8782,36.4865,233336870622871.66
2023-04-11,Tuesday,0,4,2,0,2137,233336870622871.66,109188989528.72,279,1112,746,27,0,2.2839,33.6356,284672225364019.44
2023-04-12,Wednesday,0,4,2,0,2369,284672225364019.44,120165565793.17,325,1525,519,37,3,2.018,33.6503,363500145463733.1
2023-04-13,Thursday,0,4,2,0,2518,363500145463733.1,144360661423.25,377,1011,1130,32,2,1.905,35.4681,415009788935284.4
2023-04-14,Friday,0,4,2,0,2327,415009788935284.4,178345418536.86,253,1056,1018,40,1,1.8977,34.4416,577834027283918.9
2023-04-15,Saturday,1,4,2,0,2867,577834027283918.9,201546573869.52,687,1784,396,54,1,2.2062,34.1416,469769450760338.25
2023-04-16,Sunday,1,4,2,0,1675,469769450760338.25,280459373588.26,352,1035,288,62,1,1.5061,35.574,519790824921626.75
2023-04-17,Monday,0,4,2,0,2321,519790824921626.75,223951238656.45,365,982,974,38,2,2.2234,36.435,584614795532714.6
2023-04-18,Tuesday,0,4,2,0,2240,584614795532714.6,260988748005.68,285,1390,565,21,2,2.0039,34.961,646951252193455.2
2023-04-19,Wednesday,0,4,2,0,2311,646951252193455.2,279944289136.07,459,1270,582,67,3,1.7001,34.8741,721838481425946.0
2023-04-20,Thursday,0,4,2,0,2195,721838481425946.0,328855800194.05,289,965,941,42,1,1.9925,36.1857,847168498962541.2
2023-04-21,Friday,0,4,2,0,2403,847168498962541.2,352546191827.94,243,1482,678,40,4,1.7854,33.8562,1120151155787878.4
2023-04-22,Saturday,1,4,2,0,2689,1120151155787878.4,416567927031.57,393,1508,788,40,5,1.5657,34.299,1073380117283435.0
2023-04-23,Sunday,1,4,2,0,1829,1073380117283435.0,586867204638.29,193,1013,623,65,1,1.6479,34.6018,1157415062637973.5
2023-04-24,Monday,0,4,2,0,2203,1157415062637973.5,525381326662.72,311,1333,559,49,0,1.6588,35.752,1758527447881477.2
2023-04-25,Tuesday,0,4,2,1,3027,1758527447881477.2,580947290347.37,560,1410,1057,60,2,1.5273,35.2869,2821290243609175.5
2023-04-26,Wednesday,0,4,2,1,3133,2821290243609175.5,900507578553.84,674,1766,693,55,3,2.2689,35.744,3978126473841263.0
2023-04-27,Thursday,0,4,2,1,2911,3978126473841263.0,1366584154531.52,485,1784,642,36,4,1.6064,35.446,6433469822606412.0
2023-04-28,Friday,0,4,2,1,3380,6433469822606412.0,1903393438640.95,759,1604,1017,47,4,2.4437,34.1502,1.1436384876636388e+16
2023-04-29,Saturday,1,4,2,1,3612,1.1436384876636388e+16,3166219511804.09,573,2185,854,56,0,1.8558,35.5745,1.2082130470637914e+16
2023-04-30,Sunday,1,4,2,1,2081,1.2082130470637914e+16,5805925262199.86,226,846,1009,51,0,2.1698,33.6615,1.5042352161770366e+16
2023-05-01,Monday,0,5,2,0,2372,1.5042352161770366e+16,6341632445940.29,272,1046,1054,31,3,1.8574,34.4487,1.7626792548381868e+16
2023-05-02,Tuesday,0,5,2,0,2302,1.7626792548381868e+16,7657164443258.85,301,1353,648,57,3,1.9375,35.7557,1.9232239430965104e+16
2023-05-03,Wednesday,0,5,2,0,2214,1.9232239430965104e+16,8686648342802.67,525,1098,591,67,4,1.7589,35.4366,2.192998252204635e+16
2023-05-04,Thursday,0,5,2,0,2244,2.192998252204635e+16,9772719483977.88,437,931,876,64,2,2.3429,35.852,2.4551675260153724e+16
2023-05-05,Friday,0,5,2,0,2132,2.4551675260153724e+16,11515795150165.91,405,1360,367,35,2,2.4681,35.6823,3.490368078418159e+16
2023-05-06,Saturday,1,5,2,0,2817,3.490368078418159e+16,12390373015328.93,632,1447,738,75,1,2.3598,35.9959,2.8296666689875436e+16
2023-05-07,Sunday,1,5,2,0,1660,2.8296666689875436e+16,17046184752937.01,217,849,594,62,0,1.6003,35.8396,3.1677643136067572e+16
2023-05-08,Monday,0,5,2,0,2254,3.1677643136067572e+16,14053967673499.37,360,1327,567,32,4,1.6493,33.6545,3.3647695929478784e+16
2023-05-09,Tuesday,0,5,2,0,2225,3.3647695929478784e+16,15122559968305.07,274,956,995,51,1,2.4848,33.8707,3.839938835287639e+16
2023-05-10,Wednesday,0,5,2,0,2278,3.839938835287639e+16,16856623508725.37,529,1208,541,32,3,1.8636,34.5681,3.978189158679971e+16
2023-05-11,Thursday,0,5,2,0,2085,3.978189158679971e+16,19080043926522.64,277,1348,460,4,2,2.3189,33.5874,4.8385045569138664e+16
2023-05-12,Friday,0,5,2,0,2364,4.8385045569138664e+16,20467447364271.86,562,1080,722,42,3,1.9307,35.1299,6.614217833748107e+16
2023-05-13,Saturday,1,5,2,0,2746,6.614217833748107e+16,24086736466671.91,645,1446,655,78,2,2.4003,35.8868,5.0872663051685976e+16
2023-05-14,Sunday,1,5,2,0,1617,5.0872663051685976e+16,31461139796961.02,253,916,448,46,2,1.5072,34.625,6.535204482865137e+16
2023-05-15,Monday,0,5,2,0,2474,6.535204482865137e+16,26415539542704.68,480,1011,983,55,3,1.852,35.7434,7.230428447880206e+16
2023-05-16,Tuesday,0,5,2,0,2305,7.230428447880206e+16,31368453136139.72,500,962,843,53,1,1.8357,35.2804,8.086283124494562e+16
2023-05-17,Wednesday,0,5,2,0,2327,8.086283124494562e+16,34749820045099.11,459,1037,831,64,2,2.1279,36.2614,9.12157387496666e+16
2023-05-18,Thursday,0,5,2,0,2162,9.12157387496666e+16,42190443454979.92,280,1192,690,25,3,2.2964,34.3074,1.000382676947204e+17
2023-05-19,Friday,0,5,2,0,2132,1.000382676947204e+17,46922264397148.41,263,899,970,75,1,2.3212,34.0943,1.3320943275788672e+17
2023-05-20,Saturday,1,5,2,0,2632,1.3320943275788672e+17,50611486610139.33,641,1428,563,66,0,1.9431,35.3029,9.942750622080838e+16
2023-05-21,Sunday,1,5,2,0,1561,9.942750622080838e+16,63694750942221.9,251,945,365,50,0,2.2622,34.9002,1.1115201384476683e+17
2023-05-22,Monday,0,5,2,0,2274,1.1115201384476683e+17,48879513564101.51,432,1192,650,44,1,2.3806,33.6433,1.231278139608452e+17
2023-05-23,Tuesday,0,5,2,0,2146,1.231278139608452e+17,57375495787905.5,514,892,740,38,2,2.0149,35.9278,1.4376605746094078e+17
2023-05-24,Wednesday,0,5,2,0,2275,1.4376605746094078e+17,63193871411402.54,401,1363,511,69,2,1.9049,35.4422,2.1785337150447885e+17
2023-05-25,Thursday,0,5,2,1,3091,2.1785337150447885e+17,70479900195560.94,614,1871,606,50,2,2.0707,36.2558,3.026966356247173e+17
2023-05-26,Friday,0,5,2,1,2804,3.026966356247173e+17,107951724545191.62,490,1185,1129,48,2,1.7824,34.4163,5.4205477381425805e+17
2023-05-27,Saturday,1,5,2,1,3427,5.4205477381425805e+17,158171804439526.72,810,1976,641,64,0,2.1451,33.7467,5.578618795415579e+17
2023-05-28,Sunday,1,5,2,1,1995,5.578618795415579e+17,279630014807798.44,292,883,820,51,2,2.4284,33.5785,8.618131236327327e+17
2023-05-29,Monday,0,5,2,1,3063,8.618131236327327e+17,281362430177189.9,539,1759,765,38,4,2.3549,34.5672,1.3124484242156132e+18
2023-05-30,Tuesday,0,5,2,1,3048,1.3124484242156132e+18,430593315031369.1,509,1944,595,47,1,2.2697,36.4459,1.4073773480467622e+18
2023-05-31,Wednesday,0,5,2,1,2155,1.4073773480467622e+18,653075335520539.4,263,1004,888,69,2,2.1198,34.5487,1.501937115271363e+18
2023-06-01,Thursday,0,6,2,0,2063,1.501937115271363e+18,728035441236724.8,282,1009,772,42,0,1.7161,35.0727,1.6069373935459843e+18
2023-06-02,Friday,0,6,2,0,2203,1.6069373935459843e+18,729431408781654.2,406,1220,577,45,3,1.8761,34.1493,2.0174047789554545e+18
2023-06-03,Saturday,1,6,2,0,2484,2.0174047789554545e+18,812159733879007.4,518,1242,724,45,0,2.2807,34.9875,1.6231030727233044e+18
2023-06-04,Sunday,1,6,2,0,1613,1.6231030727233044e+18,1006263529276692.1,381,765,467,60,0,2.0017,34.2836,1.762046401194484e+18
2023-06-05,Monday,0,6,2,0,2079,1.762046401194484e+18,847545166519713.2,442,1276,361,53,3,1.5161,33.8639,1.832424254107702e+18
2023-06-06,Tuesday,0,6,2,0,2043,1.832424254107702e+18,896928171369408.8,430,870,743,44,3,2.0101,33.7077,2.1292931879966405e+18
2023-06-07,Wednesday,0,6,2,0,2316,2.1292931879966405e+18,919383932641036.5,295,998,1023,36,0,2.1653,34.3296,2.2236406980029548e+18
2023-06-08,Thursday,0,6,2,0,2058,2.2236406980029548e+18,1080486247814846.9,502,1287,269,48,2,1.825,35.029,2.125504606943561e+18
2023-06-09,Friday,0,6,2,0,1894,2.125504606943561e+18,1122230521089525.4,292,1196,406,66,2,2.0263,34.5353,2.812476372358177e+18
2023-06-10,Saturday,1,6,2,0,2695,2.812476372358177e+18,1043590490670937.6,646,1147,902,54,3,2.1939,35.9389,2.2218666857299679e+18
2023-06-11,Sunday,1,6,2,0,1507,2.2218666857299679e+18,1474364091393475.8,311,901,295,75,0,2.1805,35.1665,2.32034531805714e+18
2023-06-12,Monday,0,6,2,0,2112,2.32034531805714e+18,1098648351352812.6,463,1338,311,72,1,1.6959,35.1447,2.4744321318798915e+18
2023-06-13,Tuesday,0,6,2,0,2171,2.4744321318798915e+18,1139766067194791.0,365,1204,602,45,1,1.6252,36.0776,2.6147579361085133e+18
2023-06-14,Wednesday,0,6,2,0,2055,2.6147579361085133e+18,1272388290077135.5,241,1204,610,41,1,2.423,34.2097,2.8023454981756923e+18
2023-06-15,Thursday,0,6,2,0,2086,2.8023454981756923e+18,1343406279087100.8,253,917,916,28,3,2.0374,34.7545,2.8934618909759165e+18
2023-06-16,Friday,0,6,2,0,2029,2.8934618909759165e+18,1426053174458312.8,319,1215,495,49,1,1.5117,34.8154,3.289959337921922e+18
2023-06-17,Saturday,1,6,2,0,2390,3.289959337921922e+18,1376552024235113.8,359,1037,994,66,2,2.4935,35.2464,2.7616768237931264e+18
2023-06-18,Sunday,1,6,2,0,1726,2.7616768237931264e+18,1600044509729505.5,331,716,679,66,1,2.0079,35.617,2.62361046002851e+18
2023-06-19,Monday,0,6,2,0,1987,2.62361046002851e+18,1320387750391801.8,406,938,643,37,2,2.0246,34.6951,2.62575532477163e+18
2023-06-20,Tuesday,0,6,2,0,2048,2.62575532477163e+18,1282107092173647.5,485,819,744,58,0,2.2397,34.175,2.8598911041405153e+18
2023-06-21,Wednesday,0,6,2,0,2144,2.8598911041405153e+18,1333904432901359.8,220,1333,591,72,0,2.229,35.9563,3.216988642521972e+18
2023-06-22,Thursday,0,6,2,0,2175,3.216988642521972e+18,1479075237941136.8,509,1405,261,47,2,1.9463,34.8798,3.468856162523807e+18
2023-06-23,Friday,0,6,2,0,2226,3.468856162523807e+18,1558336101762716.8,262,1100,864,67,0,1.6973,34.4925,4.639268900543056e+18
2023-06-24,Saturday,1,6,2,0,2564,4.639268900543056e+18,1809387246701659.8,552,1556,456,73,3,2.4034,33.6291,4.289563310691659e+18
2023-06-25,Sunday,1,6,2,1,1840,4.289563310691659e+18,2331284407984597.0,346,1163,331,53,1,1.999,34.9235,6.070169307279443e+18
2023-06-26,Monday,0,6,2,1,2778,6.070169307279443e+18,2185086143729101.2,483,1185,1110,48,3,1.9962,34.6846,8.353052267753329e+18
2023-06-27,Tuesday,0,6,2,1,2861,8.353052267753329e+18,2919626797536990.0,389,1617,855,67,0,2.3666,35.8677,1.1153919625776929e+19
2023-06-28,Wednesday,0,6,2,1,2740,1.1153919625776929e+19,4070773586049974.0,328,1590,822,65,2,2.4296,36.4472,1.5309359988160936e+19
2023-06-29,Thursday,0,6,2,1,2784,1.5309359988160936e+19,5499051719885394.0,332,1652,800,15,2,1.8123,36.1231,1.9978342508444852e+19
2023-06-30,Friday,0,6,2,1,2717,1.9978342508444852e+19,7353088887907564.0,431,1675,611,36,0,1.9318,36.1858,2.563360602429705e+19
2023-07-01,Saturday,1,7,3,0,2449,2.563360602429705e+19,1.0466968568516558e+16,263,1327,859,42,4,2.3351,35.1598,2.0290060268353085e+19
2023-07-02,Sunday,1,7,3,0,1576,2.0290060268353085e+19,1.2874403723574292e+16,215,680,681,50,1,1.7563,34.6405,2.1229069027801895e+19
2023-07-03,Monday,0,7,3,0,2110,2.1229069027801895e+19,1.0061170155356348e+16,224,1222,664,59,2,1.723,34.3228,2.049229465782509e+19
2023-07-04,Tuesday,0,7,3,0,1890,2.049229465782509e+19,1.0842483945939202e+16,462,915,513,31,2,2.1618,34.8897,1.897388655851264e+19
2023-07-05,Wednesday,0,7,3,0,1843,1.897388655851264e+19,1.029510936435846e+16,234,807,802,46,2,2.2314,35.3114,2.103998764007334e+19
2023-07-06,Thursday,0,7,3,0,2144,2.103998764007334e+19,9813427070929728.0,357,909,878,72,0,1.615,36.2623,2.033101105410646e+19
2023-07-07,Friday,0,7,3,0,1850,2.033101105410646e+19,1.098973570492241e+16,270,1082,498,80,2,2.3128,36.1355,2.3944702947341115e+19
2023-07-08,Saturday,1,7,3,0,2428,2.3944702947341115e+19,9861904014555648.0,600,1122,706,56,3,1.687,36.4332,1.4916543249898197e+19
2023-07-09,Sunday,1,7,3,0,1256,1.4916543249898197e+19,1.1876228702148246e+16,230,696,330,27,1,1.923,34.8054,1.5349962218938466e+19
2023-07-10,Monday,0,7,3,0,2025,1.5349962218938466e+19,7580228256265909.0,204,1133,688,38,2,2.2613,35.7933,1.6248824600310299e+19
2023-07-11,Tuesday,0,7,3,0,2086,1.6248824600310299e+19,7789465292574448.0,362,1327,397,85,1,2.065,36.3409,1.5708828457007845e+19
2023-07-12,Wednesday,0,7,3,0,1908,1.5708828457007845e+19,8233138604301806.0,301,1189,418,75,2,2.2264,33.5729,1.5645717540005329e+19
2023-07-13,Thursday,0,7,3,0,1969,1.5645717540005329e+19,7946022112750294.0,266,1121,582,63,0,2.4556,36.001,1.658908465618302e+19
2023-07-14,Friday,0,7,3,0,2031,1.658908465618302e+19,8167939269415568.0,502,1280,249,66,3,2.1001,36.0855,1.941647821884416e+19
2023-07-15,Saturday,1,7,3,0,2407,1.941647821884416e+19,8066671466075679.0,375,1113,919,45,0,2.4239,34.331,1.3817659762396277e+19
2023-07-16,Sunday,1,7,3,0,1397,1.3817659762396277e+19,9890951870004494.0,165,675,557,48,0,1.8605,36.0567,1.2969886032814096e+19
2023-07-17,Monday,0,7,3,0,1813,1.2969886032814096e+19,7153825721353611.0,400,935,478,57,3,1.5612,35.0445,1.2762870071415554e+19
2023-07-18,Tuesday,0,7,3,0,2030,1.2762870071415554e+19,6287128113997810.0,382,905,743,60,0,1.6954,34.5832,1.355389046693538e+19
2023-07-19,Wednesday,0,7,3,0,2165,1.355389046693538e+19,6260457490501330.0,534,1367,264,69,1,2.2685,34.5289,1.3449042932897712e+19
2023-07-20,Thursday,0,7,3,0,1904,1.3449042932897712e+19,7063572968958882.0,341,848,715,32,2,1.8603,35.6408,1.413445979705263e+19
2023-07-21,Friday,0,7,3,0,2050,1.413445979705263e+19,6894858437586648.0,229,952,869,42,2,1.6028,34.1326,1.6676614190018044e+19
2023-07-22,Saturday,1,7,3,0,2460,1.6676614190018044e+19,6779111459356928.0,579,1540,341,37,4,2.1581,34.6809,1.1703363746258803e+19
2023-07-23,Sunday,1,7,3,0,1409,1.1703363746258803e+19,8306148861787653.0,285,894,230,53,0,1.6969,36.0298,1.1569081095652073e+19
2023-07-24,Monday,0,7,3,0,1983,1.1569081095652073e+19,5834130658422629.0,321,1069,593,34,2,1.5275,35.8306,1.5172527649663175e+19
2023-07-25,Tuesday,0,7,3,1,2504,1.5172527649663175e+19,6059316154018840.0,289,1184,1031,79,3,1.8382,35.5965,1.9146402547873972e+19
2023-07-26,Wednesday,0,7,3,1,2434,1.9146402547873972e+19,7866229477351673.0,537,1071,826,40,2,2.0445,35.7409,2.489878929967045e+19
2023-07-27,Thursday,0,7,3,1,2537,2.489878929967045e+19,9814264603732932.0,308,1380,849,23,2,1.7294,35.5539,3.180293420323106e+19
2023-07-28,Friday,0,7,3,1,2488,3.180293420323106e+19,1.2782529824449782e+16,464,1484,540,62,0,2.2562,35.2745,4.816482678963988e+19
2023-07-29,Saturday,1,7,3,1,3038,4.816482678963988e+19,1.58541233672284e+16,646,1292,1100,68,5,2.2025,36.498,4.456049443635745e+19
2023-07-30,Sunday,1,7,3,1,1941,4.456049443635745e+19,2.2957493269632896e+16,198,849,894,83,3,1.5737,33.9282,4.428814433579792e+19
2023-07-31,Monday,0,7,3,1,1977,4.428814433579792e+19,2.2401691621546748e+16,431,937,609,58,0,1.5149,34.3271,4.519849417196771e+19
2023-08-01,Tuesday,0,8,3,0,1994,4.519849417196771e+19,2.26672488324813e+16,370,842,782,61,1,2.4124,33.574,4.165909424043559e+19
2023-08-02,Wednesday,0,8,3,0,1891,4.165909424043559e+19,2.2030192617892964e+16,266,1077,548,39,2,2.0273,34.9395,3.961104257086776e+19
2023-08-03,Thursday,0,8,3,0,1905,3.961104257086776e+19,2.0793198199930584e+16,359,1115,431,20,0,1.7139,35.4438,3.3956581914354295e+19
2023-08-04,Friday,0,8,3,0,1715,3.3956581914354295e+19,1.9799756218282388e+16,352,722,641,35,3,1.9344,34.5333,3.8718953140623655e+19
2023-08-05,Saturday,1,8,3,0,2240,3.8718953140623655e+19,1.7285246937778418e+16,423,969,848,65,4,1.727,33.6473,2.5651959736603267e+19
2023-08-06,Sunday,1,8,3,0,1382,2.5651959736603267e+19,1.8561475930971972e+16,196,691,495,25,0,1.5662,35.4929,2.3597264209645785e+19
2023-08-07,Monday,0,8,3,0,1784,2.3597264209645785e+19,1.3227166036796964e+16,327,1034,423,54,1,1.5262,34.5703,2.413451466778807e+19
2023-08-08,Tuesday,0,8,3,0,1971,2.413451466778807e+19,1.22448070359148e+16,393,1055,523,58,2,1.8447,35.6566,2.3566459204780462e+19
2023-08-09,Wednesday,0,8,3,0,1896,2.3566459204780462e+19,1.2429567091128936e+16,372,1216,308,59,0,1.7108,35.2691,2.168421097435264e+19
2023-08-10,Thursday,0,8,3,0,1843,2.168421097435264e+19,1.1765714039258078e+16,415,1101,327,41,0,2.1543,34.0539,1.883675972838978e+19
2023-08-11,Friday,0,8,3,0,1661,1.883675972838978e+19,1.1340613924376748e+16,287,963,411,27,0,2.4772,35.5691,2.2277563583153603e+19
2023-08-12,Saturday,1,8,3,0,2459,2.2277563583153603e+19,9059602921168606.0,545,1327,587,61,4,1.824,36.4175,1.5134557170960476e+19
2023-08-13,Sunday,1,8,3,0,1398,1.5134557170960476e+19,1.0825863498541114e+16,341,720,337,71,1,2.2806,34.3542,1.4706335423776088e+19
2023-08-14,Monday,0,8,3,0,1867,1.4706335423776088e+19,7876987372135023.0,404,998,465,19,1,2.273,36.4109,1.298883906295649e+19
2023-08-15,Tuesday,0,8,3,0,1738,1.298883906295649e+19,7473440197328246.0,298,947,493,29,2,1.9673,34.4443,1.1504367246698836e+19
2023-08-16,Wednesday,0,8,3,0,1857,1.1504367246698836e+19,6195135835594419.0,217,834,806,46,2,1.6852,33.5119,1.0083905433459501e+19
2023-08-17,Thursday,0,8,3,0,1839,1.0083905433459501e+19,5483363476595705.0,285,752,802,24,1,1.5646,34.233,8.967143786201485e+18
2023-08-18,Friday,0,8,3,0,1842,8.967143786201485e+18,4868156235722848.0,405,1157,280,76,0,1.7255,35.5189,9.692142949940494e+18
2023-08-19,Saturday,1,8,3,0,2093,9.692142949940494e+18,4630741973215716.0,346,1014,733,55,1,1.9847,34.9596,6.044752770480807e+18
2023-08-20,Sunday,1,8,3,0,1273,6.044752770480807e+18,4748431084431113.0,150,514,609,71,0,1.7456,36.489,5.895785175287542e+18
2023-08-21,Monday,0,8,3,0,1943,5.895785175287542e+18,3034372195207175.5,392,1047,504,59,3,2.4427,35.9641,6.083697242029625e+18
2023-08-22,Tuesday,0,8,3,0,1989,6.083697242029625e+18,3058671313237619.5,211,1179,599,72,2,2.0573,34.2521,6.211993495912121e+18
2023-08-23,Wednesday,0,8,3,0,1968,6.211993495912121e+18,3156500760117948.0,295,1014,659,46,3,1.6041,34.9802,5.742951085566624e+18
2023-08-24,Thursday,0,8,3,0,1825,5.742951085566624e+18,3146822512639246.0,257,867,701,74,3,2.2794,34.8027,7.209101297993559e+18
2023-08-25,Friday,0,8,3,1,2462,7.209101297993559e+18,2928148374489666.5,467,1477,518,98,2,1.5314,36.3682,1.0705084005844703e+19
2023-08-26,Saturday,1,8,3,1,3115,1.0705084005844703e+19,3436624078922858.0,404,1510,1201,54,2,2.3366,35.5485,9.629016200292846e+18
2023-08-27,Sunday,1,8,3,1,1862,9.629016200292846e+18,5171329860522473.0,446,1094,322,68,2,1.7064,35.2509,1.1116868028304534e+19
2023-08-28,Monday,0,8,3,1,2252,1.1116868028304534e+19,4936442286103256.0,420,1174,658,73,2,2.2012,34.7762,1.4080488414028544e+19
2023-08-29,Tuesday,0,8,3,1,2447,1.4080488414028544e+19,5754184067849834.0,249,1102,1096,26,4,2.3425,35.3276,1.6933557669036583e+19
2023-08-30,Wednesday,0,8,3,1,2493,1.6933557669036583e+19,6792441904948489.0,396,1606,491,50,2,2.4109,35.0345,1.6568563845464054e+19
2023-08-31,Thursday,0,8,3,1,1945,1.6568563845464054e+19,8518541822860696.0,483,1151,311,34,0,1.6228,34.105,1.6105691405287318e+19
2023-09-01,Friday,0,9,3,0,1910,1.6105691405287318e+19,8432299165071894.0,458,868,584,64,0,1.5195,34.6984,1.665505827860741e+19
2023-09-02,Saturday,1,9,3,0,2055,1.665505827860741e+19,8104651230465893.0,504,850,701,51,0,2.3474,35.7926,1.1121234522758377e+19
2023-09-03,Sunday,1,9,3,0,1283,1.1121234522758377e+19,8668148497863116.0,155,820,308,42,2,1.6345,34.0106,9.793384249001857e+18
2023-09-04,Monday,0,9,3,0,1690,9.793384249001857e+18,5794901922486306.0,268,999,423,47,1,2.2683,35.2434,9.173165994780641e+18
2023-09-05,Tuesday,0,9,3,0,1812,9.173165994780641e+18,5062453639503665.0,214,844,754,60,1,2.0487,35.1234,8.6205826273525e+18
2023-09-06,Wednesday,0,9,3,0,1810,8.6205826273525e+18,4762752832791437.0,213,1047,550,65,1,1.6323,35.853,8.028798213265953e+18
2023-09-07,Thursday,0,9,3,0,1856,8.028798213265953e+18,4325861106285535.0,377,1070,409,66,0,2.2196,36.4295,7.47077861894815e+18
2023-09-08,Friday,0,9,3,0,1836,7.47077861894815e+18,4069051535374809.5,340,906,590,58,1,1.8348,36.2784,8.02868421403454e+18
2023-09-09,Saturday,1,9,3,0,2205,8.02868421403454e+18,3641126627680063.5,348,1254,603,86,3,1.7815,35.7415,5.63187623236479e+18
2023-09-10,Sunday,1,9,3,0,1372,5.63187623236479e+18,4104866058574919.5,300,753,319,32,1,2.2816,34.1733,4.946360304876893e+18
2023-09-11,Monday,0,9,3,0,1823,4.946360304876893e+18,2713307901742673.0,278,847,698,69,2,1.9196,35.3432,4.4666942836505887e+18
2023-09-12,Tuesday,0,9,3,0,1898,4.4666942836505887e+18,2353368958720015.0,454,1001,443,35,1,2.2052,35.7288,3.9039673691216835e+18
2023-09-13,Wednesday,0,9,3,0,1813,3.9039673691216835e+18,2153319012201700.8,298,766,749,44,2,1.5136,35.3637,3.506495953763293e+18
2023-09-14,Thursday,0,9,3,0,1782,3.506495953763293e+18,1967730613784115.2,372,795,615,53,1,2.1082,34.4366,3.4338027106633933e+18
2023-09-15,Friday,0,9,3,0,1876,3.4338027106633933e+18,1830385240225689.5,430,1080,366,58,3,1.7592,35.5155,3.754304858877366e+18
2023-09-16,Saturday,1,9,3,0,2203,3.754304858877366e+18,1704178329041019.5,237,1242,724,50,0,2.2557,35.1421,2.3014886758300667e+18
2023-09-17,Sunday,1,9,3,0,1257,2.3014886758300667e+18,1830937689602280.5,211,642,404,38,2,1.6947,35.5852,2.1560135767670438e+18
2023-09-18,Monday,0,9,3,0,1876,2.1560135767670438e+18,1149260968425929.5,408,819,649,50,0,1.591,35.8593,2.05469813008078e+18
2023-09-19,Tuesday,0,9,3,0,1917,2.05469813008078e+18,1071830010475107.0,358,1233,326,109,3,1.6122,35.5034,2.0479309772488558e+18
2023-09-20,Wednesday,0,9,3,0,2001,2.0479309772488558e+18,1023453761743556.1,430,807,764,19,0,2.3075,33.57,2.1562808386183834e+18
2023-09-21,Thursday,0,9,3,0,2031,2.1562808386183834e+18,1061684312465969.1,242,892,897,44,0,1.916,36.2404,1.8420745521884692e+18
2023-09-22,Friday,0,9,3,0,1759,1.8420745521884692e+18,1047228284359561.9,305,893,561,52,2,1.8197,35.5441,1.7813893406229926e+18
2023-09-23,Saturday,1,9,3,0,2015,1.7813893406229926e+18,884064188894785.4,334,1048,633,59,0,1.688,33.8383,1.1685463731229138e+18
2023-09-24,Sunday,1,9,3,0,1254,1.1685463731229138e+18,931855161979995.0,220,690,344,82,0,2.1959,34.3309,1.4235258414497738e+18
2023-09-25,Monday,0,9,3,1,2377,1.4235258414497738e+18,598874985885474.9,516,1472,389,95,0,2.4798,34.2763,1.6462556031321042e+18
2023-09-26,Tuesday,0,9,3,1,2394,1.6462556031321042e+18,687658982093610.8,243,1189,962,76,3,2.0268,35.5907,1.8832745645318464e+18
2023-09-27,Wednesday,0,9,3,1,2295,1.8832745645318464e+18,820598938793832.9,300,995,1000,55,1,2.2329,34.2005,2.2553187655454336e+18
2023-09-28,Thursday,0,9,3,1,2404,2.2553187655454336e+18,938152564702759.4,585,1324,495,44,3,1.5308,36.2333,2.852109497577222e+18
2023-09-29,Friday,0,9,3,1,2598,2.852109497577222e+18,1097809660345351.1,450,1546,602,33,0,1.8914,33.5987,3.941417422835614e+18
2023-09-30,Saturday,1,9,3,1,2807,3.941417422835614e+18,1404138732752267.2,474,1734,599,66,0,2.3023,35.4741,2.531401160686607e+18
2023-10-01,Sunday,1,10,4,0,1314,2.531401160686607e+18,1926484901587980.8,195,772,347,79,1,2.1857,36.238,2.2428518416811453e+18
2023-10-02,Monday,0,10,4,0,1811,2.2428518416811453e+18,1238460431629566.8,247,1070,494,60,3,2.3117,35.4611,1.9251559129488013e+18
2023-10-03,Tuesday,0,10,4,0,1727,1.9251559129488013e+18,1114739961174754.6,367,887,473,46,2,1.8803,33.7668,1.9797319819438308e+18
2023-10-04,Wednesday,0,10,4,0,1966,1.9797319819438308e+18,1006984731405814.2,487,987,492,48,2,1.6525,36.2723,1.775738742331447e+18
2023-10-05,Thursday,0,10,4,0,1851,1.775738742331447e+18,959340217358966.5,330,1014,507,62,1,2.3986,33.5891,1.6618263487838892e+18
2023-10-06,Friday,0,10,4,0,1792,1.6618263487838892e+18,927358453562438.1,367,966,459,65,0,1.5778,35.179,1.6641569032785618e+18
2023-10-07,Saturday,1,10,4,0,2093,1.6641569032785618e+18,795106021633331.0,328,885,880,52,2,2.2464,36.3161,1.1909711029603615e+18
2023-10-08,Sunday,1,10,4,0,1432,1.1909711029603615e+18,831683731117570.9,351,784,297,48,1,2.1777,34.3518,1.1651898406463468e+18
2023-10-09,Monday,0,10,4,0,1978,1.1651898406463468e+18,589074742490569.6,290,894,794,40,0,2.0956,33.6537,1.0117233624316969e+18
2023-10-10,Tuesday,0,10,4,0,1786,1.0117233624316969e+18,566474447050222.2,334,1079,373,66,1,2.284,35.673,1.0162704919476168e+18
2023-10-11,Wednesday,0,10,4,0,1951,1.0162704919476168e+18,520897228061310.5,221,869,861,53,2,2.2353,35.9198,8.74296801176205e+17
2023-10-12,Thursday,0,10,4,0,1760,8.74296801176205e+17,496759546122843.8,340,741,679,48,3,2.0312,34.5696,7.995049021879661e+17
2023-10-13,Friday,0,10,4,0,1780,7.995049021879661e+17,449160057408969.7,331,923,526,76,1,2.2379,36.396,8.654538827002966e+17
2023-10-14,Saturday,1,10,4,0,2260,8.654538827002966e+17,382944195885087.0,315,993,952,74,2,2.0922,35.4314,5.836088856295224e+17
2023-10-15,Sunday,1,10,4,0,1313,5.836088856295224e+17,444485061408623.3,319,592,402,48,1,2.2894,35.7735,5.75184131341453e+17
2023-10-16,Monday,0,10,4,0,2042,5.75184131341453e+17,281676851783277.7,252,885,905,14,0,1.9307,35.4464,5.1077119470788326e+17
2023-10-17,Tuesday,0,10,4,0,1866,5.1077119470788326e+17,273725184730912.78,276,858,732,89,1,1.5517,34.3527,4.887159175876933e+17
2023-10-18,Wednesday,0,10,4,0,1881,4.887159175876933e+17,259817074740932.12,450,1132,299,73,2,1.7208,35.4106,5.0388073952408346e+17
2023-10-19,Thursday,0,10,4,0,1974,5.0388073952408346e+17,255258733294875.1,402,1271,301,44,0,2.4762,35.201,5.227804697403345e+17
2023-10-20,Friday,0,10,4,0,2006,5.227804697403345e+17,260608409641243.53,224,1210,572,46,3,2.1688,36.4247,6.2451443655156e+17
2023-10-21,Saturday,1,10,4,0,2349,6.2451443655156e+17,265863957663499.34,458,1131,760,46,1,1.5896,33.7161,4.6016917062211206e+17
2023-10-22,Sunday,1,10,4,0,1410,4.6016917062211206e+17,326361113916391.56,264,837,309,57,0,1.9155,34.8896,4.137372247988488e+17
2023-10-23,Monday,0,10,4,0,1870,4.137372247988488e+17,221249852833608.97,285,1133,452,67,2,1.6062,34.5574,3.660323026963664e+17
2023-10-24,Tuesday,0,10,4,0,1847,3.660323026963664e+17,198176666321800.97,294,1038,515,62,1,2.0666,34.0373,4.5340056924391194e+17
2023-10-25,Wednesday,0,10,4,1,2479,4.5340056924391194e+17,182896558791412.62,344,1219,916,40,1,2.2907,34.8018,5.1659484188848595e+17
2023-10-26,Thursday,0,10,4,1,2304,5.1659484188848595e+17,224216511236322.03,500,1116,688,22,4,2.1887,36.0393,6.23685737988287e+17
2023-10-27,Friday,0,10,4,1,2494,6.23685737988287e+17,250074473932753.4,431,1567,496,59,1,1.6932,35.3887,8.370742674359384e+17
2023-10-28,Saturday,1,10,4,1,2710,8.370742674359384e+17,308883493518796.5,403,1330,977,35,4,2.2061,36.4598,7.760960438545183e+17
2023-10-29,Sunday,1,10,4,1,1825,7.760960438545183e+17,425258106221653.9,254,810,761,64,1,1.7152,33.5733,8.628962584868622e+17
2023-10-30,Monday,0,10,4,1,2328,8.628962584868622e+17,370659904848308.5,281,1189,858,59,2,1.6319,35.9475,7.974598640700083e+17
2023-10-31,Tuesday,0,10,4,1,1944,7.974598640700083e+17,410215979459880.8,401,1205,338,41,1,2.3911,34.3525,7.680614505371891e+17
2023-11-01,Wednesday,0,11,4,0,2008,7.680614505371891e+17,382500722379078.25,233,1249,526,34,0,1.5515,36.0471,8.48444513452558e+17
2023-11-02,Thursday,0,11,4,0,2128,8.48444513452558e+17,398705128502141.9,409,934,785,32,1,2.4975,34.7803,8.330739869005577e+17
2023-11-03,Friday,0,11,4,0,2033,8.330739869005577e+17,409775694491174.5,238,1045,750,63,0,2.1153,35.6297,1.0070025869959153e+18
2023-11-04,Saturday,1,11,4,0,2360,1.0070025869959153e+18,426696011438947.1,453,947,960,50,3,1.5736,34.5823,7.705969998475697e+17
2023-11-05,Sunday,1,11,4,0,1468,7.705969998475697e+17,524929836408426.2,315,674,479,67,1,1.8906,34.9234,8.934026319886355e+17
2023-11-06,Monday,0,11,4,0,2254,8.934026319886355e+17,396363190766919.06,382,1405,467,76,3,2.1091,35.0134,8.046512797957092e+17
2023-11-07,Tuesday,0,11,4,0,1831,8.046512797957092e+17,439460010811419.56,262,1163,406,39,3,1.6402,35.4515,7.562928457496389e+17
2023-11-08,Wednesday,0,11,4,0,1896,7.562928457496389e+17,398888631724493.1,261,954,681,85,0,1.64,35.2771,7.887641088600371e+17
2023-11-09,Thursday,0,11,4,0,2052,7.887641088600371e+17,384387967280719.9,331,891,830,67,3,2.2032,35.2624,8.164629942516184e+17
2023-11-10,Friday,0,11,4,0,2136,8.164629942516184e+17,382239229518547.94,498,859,779,49,3,2.1145,33.9367,8.754637472071109e+17
2023-11-11,Saturday,1,11,4,0,2153,8.754637472071109e+17,406625056761314.9,391,935,827,42,3,2.4957,34.5751,6.342576388816613e+17
2023-11-12,Sunday,1,11,4,0,1444,6.342576388816613e+17,439236592023311.2,345,653,446,68,1,1.5481,33.8912,6.519522849471177e+17
2023-11-13,Monday,0,11,4,0,1965,6.519522849471177e+17,331782333306421.25,274,1036,655,85,1,1.8735,35.0759,6.963623078110756e+17
2023-11-14,Tuesday,0,11,4,0,2054,6.963623078110756e+17,339027413734700.9,343,1070,641,35,0,1.8102,34.6458,6.871542587151884e+17
2023-11-15,Wednesday,0,11,4,0,2066,6.871542587151884e+17,332601286890217.0,242,853,971,45,0,1.8327,35.4073,6.636813280417673e+17
2023-11-16,Thursday,0,11,4,0,1978,6.636813280417673e+17,335531510637900.56,414,911,653,50,2,2.4372,35.8984,6.859879274268506e+17
2023-11-17,Friday,0,11,4,0,2024,6.859879274268506e+17,338926841614056.6,284,1002,738,72,3,1.5208,34.2872,8.725032210959547e+17
2023-11-18,Saturday,1,11,4,0,2474,8.725032210959547e+17,352669046522212.9,311,1089,1074,45,1,1.6147,33.7683,7.2359327968186e+17
2023-11-19,Sunday,1,11,4,0,1636,7.2359327968186e+17,442294180734633.25,317,873,446,32,0,1.896,35.7931,7.691056325278364e+17
2023-11-20,Monday,0,11,4,0,2083,7.691056325278364e+17,369229780378222.0,287,1320,476,73,2,1.7758,33.9333,7.939701942214356e+17
2023-11-21,Tuesday,0,11,4,0,2139,7.939701942214356e+17,371187561580848.8,264,1194,681,58,3,1.6708,36.3436,7.983066840644055e+17
2023-11-22,Wednesday,0,11,4,0,2064,7.983066840644055e+17,386776494217250.75,388,1072,604,61,0,1.9182,36.1844,8.108080362251828e+17
2023-11-23,Thursday,0,11,4,0,2132,8.108080362251828e+17,380303956953650.5,336,1107,689,47,0,1.985,34.5341,8.554908050879859e+17
2023-11-24,Friday,0,11,4,0,2121,8.554908050879859e+17,403343142427150.4,398,892,831,56,0,1.7036,33.6818,1.3172240956010191e+18
2023-11-25,Saturday,1,11,4,1,3143,1.3172240956010191e+18,419097707795424.5,355,1512,1276,85,6,1.7155,34.9137,1.3472145346085181e+18
2023-11-26,Sunday,1,11,4,1,1962,1.3472145346085181e+18,686653687364178.5,288,1261,413,41,3,2.1231,36.221,1.6185703337456653e+18
2023-11-27,Monday,0,11,4,1,2524,1.6185703337456653e+18,641271923037109.9,480,1130,914,59,3,1.8441,34.4941,2.244456067073011e+18
2023-11-28,Tuesday,0,11,4,1,2778,2.244456067073011e+18,807939548982365.4,296,1290,1192,72,1,2.0137,35.458,2.7267298304718607e+18
2023-11-29,Wednesday,0,11,4,1,2484,2.7267298304718607e+18,1097717323056304.6,401,1299,784,60,0,2.0722,33.5761,3.40412663373634e+18
2023-11-30,Thursday,0,11,4,1,2571,3.40412663373634e+18,1324047698847273.5,499,1038,1034,71,1,2.1817,36.0509,3.4769476627335235e+18
2023-12-01,Friday,0,12,4,0,2149,3.4769476627335235e+18,1617937488475348.2,228,984,937,51,3,1.8663,35.7936,4.4408514781464044e+18
2023-12-02,Saturday,1,12,4,0,2522,4.4408514781464044e+18,1760845153904204.8,414,1584,524,25,1,1.6546,33.7106,3.5508875512333005e+18
2023-12-03,Sunday,1,12,4,0,1555,3.5508875512333005e+18,2283528971854212.5,320,646,589,69,0,1.8956,34.8293,3.854421759484162e+18
2023-12-04,Monday,0,12,4,0,2201,3.854421759484162e+18,1751213884363544.8,448,981,772,54,2,1.8025,33.6825,3.84401362684435e+18
2023-12-05,Tuesday,0,12,4,0,2063,3.84401362684435e+18,1863312470598327.8,220,1017,826,55,3,1.9967,35.8893,3.773241951364203e+18
2023-12-06,Wednesday,0,12,4,0,2061,3.773241951364203e+18,1830782120991850.0,485,944,632,43,0,1.8838,34.7348,4.3310394127442335e+18
2023-12-07,Thursday,0,12,4,0,2226,4.3310394127442335e+18,1945660113541883.8,252,956,1018,27,1,2.0384,34.6093,4.7579143536236e+18
2023-12-08,Friday,0,12,4,0,2296,4.7579143536236e+18,2072262349139198.8,396,972,928,70,3,1.95,33.6953,6.566747084152754e+18
2023-12-09,Saturday,1,12,4,0,2663,6.566747084152754e+18,2465920797654057.0,357,1461,845,52,4,1.6727,35.3752,5.262492114673659e+18
2023-12-10,Sunday,1,12,4,0,1644,5.262492114673659e+18,3201029266833126.0,330,709,605,49,3,1.523,36.1115,6.179358079862432e+18
2023-12-11,Monday,0,12,4,0,2293,6.179358079862432e+18,2694879232386581.5,398,1220,675,48,2,1.9038,35.9202,5.946078688670033e+18
2023-12-12,Tuesday,0,12,4,0,1989,5.946078688670033e+18,2989481492544008.5,307,826,856,82,1,1.5312,36.1715,6.359973653679353e+18
2023-12-13,Wednesday,0,12,4,0,2243,6.359973653679353e+18,2835476439446880.5,368,1398,477,51,1,2.4594,35.4979,6.776269748554267e+18
2023-12-14,Thursday,0,12,4,0,2172,6.776269748554267e+18,3119829534325169.0,252,1386,534,30,0,2.363,34.9613,6.273043757696177e+18
2023-12-15,Friday,0,12,4,0,1879,6.273043757696177e+18,3338501201541339.5,276,1129,474,48,0,2.3724,34.2115,8.557122424499585e+18
2023-12-16,Saturday,1,12,4,0,2706,8.557122424499585e+18,3162277318735988.5,533,1084,1089,53,0,1.8951,34.4324,7.174125621071425e+18
2023-12-17,Sunday,1,12,4,0,1622,7.174125621071425e+18,4423012096838116.0,360,962,300,53,1,2.4237,34.5205,7.528206980587637e+18
2023-12-18,Monday,0,12,4,0,2204,7.528206980587637e+18,3415701896818347.0,345,1112,747,91,3,2.4748,34.5766,8.887371413975123e+18
2023-12-19,Tuesday,0,12,4,0,2374,8.887371413975123e+18,3743627385836193.5,465,1135,774,69,1,1.8221,36.2918,9.234104452547432e+18
2023-12-20,Wednesday,0,12,4,0,2180,9.234104452547432e+18,4235827730526345.0,336,1264,580,69,0,2.2745,35.3768,1.0773919732319779e+19
2023-12-21,Thursday,0,12,4,0,2371,1.0773919732319779e+19,4544040376347439.0,521,1487,363,23,2,2.287,35.7443,1.1929047733745738e+19
2023-12-22,Friday,0,12,4,0,2163,1.1929047733745738e+19,5515047495952722.0,327,920,916,73,2,2.4154,35.9611,1.582886595260249e+19
2023-12-23,Saturday,1,12,4,0,2618,1.582886595260249e+19,6046167285180478.0,510,1149,959,86,4,2.0986,34.215,1.2525919215799708e+19
2023-12-24,Sunday,1,12,4,0,1643,1.2525919215799708e+19,7623809626171459.0,354,727,562,39,2,1.9812,34.7039,1.7813152080658643e+19
2023-12-25,Monday,0,12,4,1,2822,1.7813152080658643e+19,6312243827306394.0,621,1575,626,48,0,2.0049,33.8117,2.447994417357638e+19
2023-12-26,Tuesday,0,12,4,1,2719,2.447994417357638e+19,9003289508487084.0,670,1403,646,47,4,2.4639,35.6606,3.607617232080678e+19
2023-12-27,Wednesday,0,12,4,1,2908,3.607617232080678e+19,1.2405836423936308e+16,520,1526,862,66,0,2.3859,34.7828,5.291288865134543e+19
2023-12-28,Thursday,0,12,4,1,2932,5.291288865134543e+19,1.8046687807416584e+16,329,1633,970,67,4,1.7546,34.2497,7.832482262170188e+19
2023-12-29,Friday,0,12,4,1,2901,7.832482262170188e+19,2.699924943871144e+16,701,1508,692,81,3,2.3137,35.1628,1.3591054354190796e+20
2023-12-30,Saturday,1,12,4,1,3643,1.3591054354190796e+20,3.730731362665604e+16,838,2124,681,34,3,1.7999,36.1022,1.106226563765842e+20
2023-12-31,Sunday,1,12,4,1,1697,1.106226563765842e+20,6.518718702214743e+16,245,800,652,36,0,2.0251,35.896,1.2324821713800166e+20
2024-01-01,Monday,0,1,1,0,2289,1.2324821713800166e+20,5.38436946867635e+16,456,1093,740,47,2,1.9942,35.9764,1.4258347418338899e+20
2024-01-02,Tuesday,0,1,1,0,2301,1.4258347418338899e+20,6.196587317835245e+16,292,1379,630,64,0,1.6939,35.5566,1.692045757099832e+20
2024-01-03,Wednesday,0,1,1,0,2437,1.692045757099832e+20,6.943150418957046e+16,556,1416,465,62,3,2.0602,34.5918,2.0683397581754624e+20
2024-01-04,Thursday,0,1,1,0,2330,2.0683397581754624e+20,8.876994670280954e+16,491,965,874,59,2,2.3029,34.1136,2.6261398364355206e+20
2024-01-05,Friday,0,1,1,0,2537,2.6261398364355206e+20,1.0351359229150653e+17,292,1020,1225,33,4,1.9445,33.9628,3.949497956938172e+20
2024-01-06,Saturday,1,1,1,0,3009,3.949497956938172e+20,1.312561634077159e+17,542,1503,964,52,1,2.3414,36.1457,3.3055360312183724e+20
2024-01-07,Sunday,1,1,1,0,1646,3.3055360312183724e+20,2.0082235912626806e+17,247,784,615,26,1,2.0769,34.0057,3.7735990300033194e+20
2024-01-08,Monday,0,1,1,0,2337,3.7735990300033194e+20,1.6147193110840048e+17,407,1247,683,66,4,2.4734,34.4862,4.465573075706784e+20
2024-01-09,Tuesday,0,1,1,0,2453,4.465573075706784e+20,1.8204537609893126e+17,277,1387,789,58,0,2.1705,35.0088,5.5400011687658376e+20
2024-01-10,Wednesday,0,1,1,0,2480,5.5400011687658376e+20,2.233871439018483e+17,546,1605,329,93,1,1.5552,33.9169,6.639464499319999e+20
2024-01-11,Thursday,0,1,1,0,2369,6.639464499319999e+20,2.802644364423807e+17,498,974,897,39,1,2.4113,34.6403,7.956562084842783e+20
2024-01-12,Friday,0,1,1,0,2357,7.956562084842783e+20,3.37571577634399e+17,257,1151,949,72,0,1.9025,36.2027,1.2501105387474298e+21
2024-01-13,Saturday,1,1,1,0,3049,1.2501105387474298e+21,4.100067362241488e+17,745,1921,383,21,2,2.2715,34.3603,1.1918856962550042e+21
2024-01-14,Sunday,1,1,1,0,1835,1.1918856962550042e+21,6.495289897847434e+17,212,866,757,46,0,1.8054,34.6873,1.4953941075065415e+21
2024-01-15,Monday,0,1,1,0,2428,1.4953941075065415e+21,6.158954314277354e+17,285,1095,1048,26,0,1.7611,35.3109,1.8344865236841385e+21
2024-01-16,Tuesday,0,1,1,0,2364,1.8344865236841385e+21,7.760095277851686e+17,525,1105,734,74,1,2.2655,35.55,2.1777865253815625e+21
2024-01-17,Wednesday,0,1,1,0,2370,2.1777865253815625e+21,9.188972680934863e+17,336,1438,596,49,0,2.4197,36.3567,2.4694347876665477e+21
2024-01-18,Thursday,0,1,1,0,2212,2.4694347876665477e+21,1.1163810070825261e+18,302,1010,900,90,1,1.6792,35.7727,2.9537360021213807e+21
2024-01-19,Friday,0,1,1,0,2454,2.9537360021213807e+21,1.2036414026574492e+18,484,1189,781,87,0,2.1575,34.7312,3.8297701483503084e+21
2024-01-20,Saturday,1,1,1,0,2661,3.8297701483503084e+21,1.4392221527058657e+18,606,1140,915,64,3,1.9011,35.4068,3.318968031212054e+21
2024-01-21,Sunday,1,1,1,0,1693,3.318968031212054e+21,1.96040639764445e+18,205,910,578,50,0,2.4401,35.6088,4.106230504592791e+21
2024-01-22,Monday,0,1,1,0,2447,4.106230504592791e+21,1.678067227050589e+18,300,1526,621,63,4,1.7362,34.0472,4.514823903463193e+21
2024-01-23,Tuesday,0,1,1,0,2206,4.514823903463193e+21,2.0466110169824084e+18,447,1395,364,63,1,2.1893,35.7155,5.244367570607043e+21
2024-01-24,Wednesday,0,1,1,0,2294,5.244367570607043e+21,2.2861236140396877e+18,502,1467,325,57,2,1.8187,35.9194,8.530632232278142e+21
2024-01-25,Thursday,0,1,1,1,3349,8.530632232278142e+21,2.547217746275946e+18,707,2073,569,48,0,2.4029,34.3401,1.2731949810964853e+22
2024-01-26,Friday,0,1,1,1,3117,1.2731949810964853e+22,4.084680722157476e+18,403,1407,1307,31,3,1.6371,34.4815,2.2621948488567858e+22
2024-01-27,Saturday,1,1,1,1,3627,2.2621948488567858e+22,6.237096357476663e+18,544,2192,891,47,5,1.6685,35.256,2.434998080488309e+22
2024-01-28,Sunday,1,1,1,1,2207,2.434998080488309e+22,1.103306787715591e+19,399,951,857,54,2,2.2509,35.9442,3.791955613348841e+22
2024-01-29,Monday,0,1,1,1,3205,3.791955613348841e+22,1.183137476863913e+19,415,1935,855,53,5,2.0903,34.3788,6.237026369663928e+22
2024-01-30,Tuesday,0,1,1,1,3205,6.237026369663928e+22,1.946030068537887e+19,403,1817,985,75,4,1.6402,35.1485,7.997218989318333e+22
2024-01-31,Wednesday,0,1,1,1,2488,7.997218989318333e+22,3.2143163140347e+19,556,1016,916,68,4,1.716,36.2996,1.0183117146366925e+23
2024-02-01,Thursday,0,2,1,0,2511,1.0183117146366925e+23,4.055403084972889e+19,624,1412,475,45,0,1.75,35.3232,1.3101814706983308e+23
2024-02-02,Friday,0,2,1,0,2608,1.3101814706983308e+23,5.0237019581991215e+19,278,1114,1216,82,1,1.9587,35.3288,2.1225541461649427e+23
2024-02-03,Saturday,1,2,1,0,3149,2.1225541461649427e+23,6.740406942410107e+19,574,1794,781,63,0,2.2017,34.1514,2.0017579956773945e+23
2024-02-04,Sunday,1,2,1,0,1906,2.0017579956773945e+23,1.0502402915411304e+20,203,1136,567,44,3,1.7623,33.7593,2.5334210384136595e+23
2024-02-05,Monday,0,2,1,0,2438,2.5334210384136595e+23,1.0391390641565462e+20,370,1522,546,72,0,2.0256,33.7477,3.1689397019003543e+23
2024-02-06,Tuesday,0,2,1,0,2551,3.1689397019003543e+23,1.242234301019347e+20,316,1459,776,89,0,2.2663,33.7952,3.6931970679692565e+23
2024-02-07,Wednesday,0,2,1,0,2362,3.6931970679692565e+23,1.5635889364814804e+20,365,1468,529,78,2,2.2739,36.1762,4.788499952776843e+23
2024-02-08,Thursday,0,2,1,0,2542,4.788499952776843e+23,1.8837529318555638e+20,299,1301,942,54,2,1.5116,34.9152,5.780584081498e+23
2024-02-09,Friday,0,2,1,0,2493,5.780584081498e+23,2.318726065582832e+20,309,1401,783,64,3,1.7632,36.4607,8.200112977748726e+23
2024-02-10,Saturday,1,2,1,0,2856,8.200112977748726e+23,2.8711880174190215e+20,369,1219,1268,55,3,2.4538,36.1168,7.574945107318461e+23
2024-02-11,Sunday,1,2,1,0,1808,7.574945107318461e+23,4.1896820283841046e+20,381,1168,259,62,0,2.23,35.7127,1.0320514358106668e+24
2024-02-12,Monday,0,2,1,0,2657,1.0320514358106668e+24,3.884273375275374e+20,624,1417,616,48,4,2.1793,35.7199,1.2702263968664105e+24
2024-02-13,Tuesday,0,2,1,0,2428,1.2702263968664105e+24,5.2315749459077864e+20,387,1033,1008,73,1,1.7589,35.2945,1.784676311908235e+24
2024-02-14,Wednesday,0,2,1,0,2779,1.784676311908235e+24,6.422009038892533e+20,611,1482,686,32,0,2.4724,34.0884,2.321753681325702e+24
2024-02-15,Thursday,0,2,1,0,2496,2.321753681325702e+24,9.301897761721562e+20,249,1535,712,10,4,2.0073,35.9911,3.057304841662474e+24
2024-02-16,Friday,0,2,1,0,2591,3.057304841662474e+24,1.1799709925366552e+21,459,1450,682,12,2,1.7903,34.2841,4.4736374212726586e+24
2024-02-17,Saturday,1,2,1,0,3003,4.4736374212726586e+24,1.4897227510065463e+21,528,1820,655,80,1,2.1701,36.1809,4.002958763742674e+24
2024-02-18,Sunday,1,2,1,0,1795,4.002958763742674e+24,2.230060592614303e+21,347,1154,294,49,3,2.3695,36.1382,5.144593025623972e+24
2024-02-19,Monday,0,2,1,0,2650,5.144593025623972e+24,1.9413558587260273e+21,442,1545,663,76,4,2.0125,35.8941,6.48920070234657e+24
2024-02-20,Tuesday,0,2,1,0,2507,6.48920070234657e+24,2.5884326694641284e+21,421,1276,810,69,2,1.6235,35.4668,9.004448124202758e+24
2024-02-21,Wednesday,0,2,1,0,2746,9.004448124202758e+24,3.279114393373182e+21,525,1148,1073,34,4,1.5131,34.1977,1.1883273805552816e+25
2024-02-22,Thursday,0,2,1,0,2644,1.1883273805552816e+25,4.494430334929204e+21,547,1249,848,60,1,1.6556,36.4367,1.425580642401777e+25
2024-02-23,Friday,0,2,1,0,2311,1.425580642401777e+25,6.168674350505309e+21,388,935,988,45,2,2.1612,35.9664,2.0094849613955926e+25
2024-02-24,Saturday,1,2,1,0,2929,2.0094849613955926e+25,6.860651967892088e+21,497,1652,780,83,0,2.444,34.5423,2.2079935740907234e+25
2024-02-25,Sunday,1,2,1,1,2302,2.2079935740907234e+25,9.591631512123038e+21,400,1007,895,72,2,2.3239,33.9678,3.295715228189651e+25
2024-02-26,Monday,0,2,1,1,3116,3.295715228189651e+25,1.057674976954317e+22,722,1461,933,50,4,2.1764,34.6448,4.912930735770093e+25
2024-02-27,Tuesday,0,2,1,1,3029,4.912930735770093e+25,1.6219645875767887e+22,490,1713,826,57,1,2.0153,36.0401,8.877539154751696e+25
2024-02-28,Wednesday,0,2,1,1,3533,8.877539154751696e+25,2.5127481332441824e+22,431,1603,1499,72,0,2.0106,34.3583,1.456033068226649e+26
2024-02-29,Thursday,0,2,1,1,3240,1.456033068226649e+26,4.493929222921756e+22,576,1362,1302,48,0,2.4261,35.8384,1.8590127732415586e+26
2024-03-01,Friday,0,3,1,0,2457,1.8590127732415586e+26,7.566189553282696e+22,420,1155,882,35,1,1.644,34.6987,2.945120412504733e+26
2024-03-02,Saturday,1,3,1,0,3196,2.945120412504733e+26,9.215020064157488e+22,655,1542,999,57,3,1.6107,35.5171,2.827493715711381e+26
2024-03-03,Sunday,1,3,1,0,1888,2.827493715711381e+26,1.497613196881028e+23,337,975,576,37,3,1.8848,35.3531,4.059904127465532e+26
2024-03-04,Monday,0,3,1,0,2897,4.059904127465532e+26,1.4014166819004253e+23,297,1376,1224,61,4,2.0937,36.3661,5.213313360586647e+26
2024-03-05,Tuesday,0,3,1,0,2455,5.213313360586647e+26,2.1235492303815262e+23,437,1380,638,39,3,1.6096,34.629,6.41614886768747e+26
2024-03-06,Wednesday,0,3,1,0,2525,6.41614886768747e+26,2.5410490565098888e+23,443,1206,876,44,4,1.6046,35.5437,8.519169644411527e+26
2024-03-07,Thursday,0,3,1,0,2788,8.519169644411527e+26,3.055656256962528e+23,384,1635,769,60,0,1.7475,36.281,1.023959758686245e+27
2024-03-08,Friday,0,3,1,0,2396,1.023959758686245e+27,4.273621697354946e+23,542,1158,696,82,4,1.7408,34.1201,1.559532206005514e+27
2024-03-09,Saturday,1,3,1,0,3068,1.559532206005514e+27,5.08322101044822e+23,700,1739,629,48,0,2.3218,35.7241,1.4887922664126277e+27
2024-03-10,Sunday,1,3,1,0,1943,1.4887922664126277e+27,7.662337964038228e+23,434,818,691,59,0,1.8732,34.0303,2.0262589858164542e+27
2024-03-11,Monday,0,3,1,0,2696,2.0262589858164542e+27,7.515797425135216e+23,503,1426,767,46,2,2.2158,34.5799,2.6061218869585286e+27
2024-03-12,Tuesday,0,3,1,0,2594,2.6061218869585286e+27,1.0046730481721391e+24,547,1515,532,62,3,2.4215,33.5215,3.124127618313618e+27
2024-03-13,Wednesday,0,3,1,0,2438,3.124127618313618e+27,1.2814305243288015e+24,318,1493,627,80,0,1.913,36.0433,4.4463839898415827e+27
2024-03-14,Thursday,0,3,1,0,2734,4.4463839898415827e+27,1.626329184287338e+24,513,1407,814,66,4,1.5094,34.1024,5.525368454528636e+27
2024-03-15,Friday,0,3,1,0,2498,5.525368454528636e+27,2.2119169153437294e+24,351,1303,844,56,4,2.4597,36.4707,8.891554514277197e+27
2024-03-16,Saturday,1,3,1,0,3193,8.891554514277197e+27,2.784702322041089e+24,319,1962,912,58,1,2.2875,36.4058,8.436061008338778e+27
2024-03-17,Sunday,1,3,1,0,1890,8.436061008338778e+27,4.4635243430363905e+24,381,795,714,39,2,1.5046,35.1654,1.036218990100489e+28
2024-03-18,Monday,0,3,1,0,2570,1.036218990100489e+28,4.031980506227584e+24,337,1177,1056,30,4,2.3883,34.9713,1.3112923149112425e+28
2024-03-19,Tuesday,0,3,1,0,2631,1.3112923149112425e+28,4.98400727826394e+24,512,1104,1015,59,2,2.4304,35.2118,1.5500282432094082e+28
2024-03-20,Wednesday,0,3,1,0,2403,1.5500282432094082e+28,6.450388028337113e+24,356,1309,738,48,0,1.8263,36.0274,1.979471341833861e+28
2024-03-21,Thursday,0,3,1,0,2669,1.979471341833861e+28,7.41652806981589e+24,594,1400,675,58,3,2.1924,34.9872,2.369124910917544e+28
2024-03-22,Friday,0,3,1,0,2467,2.369124910917544e+28,9.603262711461467e+24,348,1483,636,54,4,1.5264,35.6628,3.573869767526831e+28
2024-03-23,Saturday,1,3,1,0,3130,3.573869767526831e+28,1.141811427324866e+25,684,1573,873,77,4,1.964,36.4204,3.0688648048835994e+28
2024-03-24,Sunday,1,3,1,0,1776,3.0688648048835994e+28,1.7279644171641887e+25,270,1120,386,79,1,1.9872,34.6378,4.919236757421152e+28
2024-03-25,Monday,0,3,1,1,3303,4.919236757421152e+28,1.4893238744841513e+25,570,2132,601,60,3,1.9123,33.6025,8.411466751040872e+28
2024-03-26,Tuesday,0,3,1,1,3446,8.411466751040872e+28,2.4409363758098874e+25,834,1427,1185,28,3,2.0298,35.8974,1.4278588884718056e+29
2024-03-27,Wednesday,0,3,1,1,3340,1.4278588884718056e+29,4.275026612191034e+25,451,1629,1260,35,3,1.5698,34.3518,2.5931246888397627e+29
2024-03-28,Thursday,0,3,1,1,3731,2.5931246888397627e+29,6.950213585740452e+25,641,1589,1501,43,7,1.8768,35.8283,4.288918283065974e+29
2024-03-29,Friday,0,3,1,1,3194,4.288918283065974e+29,1.3428047223124527e+26,780,2019,395,49,0,2.1709,33.9605,8.477429378824717e+29
2024-03-30,Saturday,1,3,1,1,3769,8.477429378824717e+29,2.249251626114279e+26,756,1976,1037,71,4,2.1882,34.1358,7.455519559749098e+29
2024-03-31,Sunday,1,3,1,1,1807,7.455519559749098e+29,4.125910105007802e+26,191,1055,561,76,0,1.7734,36.0141,8.147374648016349e+29
2024-04-01,Monday,0,4,2,0,2258,8.147374648016349e+29,3.608226150582971e+26,517,1064,677,57,1,2.2844,34.7163,1.1357031712876559e+30
2024-04-02,Tuesday,0,4,2,0,2734,1.1357031712876559e+30,4.153998431922663e+26,508,1650,576,55,2,1.6304,34.4278,1.271020399211522e+30
2024-04-03,Wednesday,0,4,2,0,2305,1.271020399211522e+30,5.514188282913328e+26,364,949,992,60,0,2.2441,35.544,1.589285357382662e+30
2024-04-04,Thursday,0,4,2,0,2541,1.589285357382662e+30,6.254566538302487e+26,568,1522,451,39,0,2.4417,33.5862,2.0255092166844705e+30
2024-04-05,Friday,0,4,2,0,2675,2.0255092166844705e+30,7.571997071717646e+26,403,1144,1128,77,4,1.6309,35.8847,3.5277651620160055e+30
2024-04-06,Saturday,1,4,2,0,3325,3.5277651620160055e+30,1.0609820036138363e+27,364,1621,1340,63,4,1.5237,35.6689,3.28914155497266e+30
2024-04-07,Sunday,1,4,2,0,1868,3.28914155497266e+30,1.7607824170089184e+27,302,1146,420,54,1,2.2636,34.2686,4.126425447328161e+30
2024-04-08,Monday,0,4,2,0,2551,4.126425447328161e+30,1.6175717159263665e+27,421,1207,923,101,4,2.1645,36.2945,5.212123642392379e+30
2024-04-09,Tuesday,0,4,2,0,2440,5.212123642392379e+30,2.1361162468821225e+27,521,1527,392,30,3,2.4707,36.0283,7.067984148655477e+30
2024-04-10,Wednesday,0,4,2,0,2636,7.067984148655477e+30,2.681329343192518e+27,521,1157,958,49,5,2.1556,35.7325,1.03521368864149e+31
2024-04-11,Thursday,0,4,2,0,2804,1.03521368864149e+31,3.691917577180777e+27,491,1700,613,36,5,1.5239,36.458,1.3594334488485257e+31
2024-04-12,Friday,0,4,2,0,2583,1.3594334488485257e+31,5.263002124849112e+27,523,1409,651,76,3,1.9087,34.7889,2.0811225810814207e+31
2024-04-13,Saturday,1,4,2,0,3000,2.0811225810814207e+31,6.937075270271403e+27,324,1409,1267,55,2,2.0586,36.3717,1.937652173851487e+31
2024-04-14,Sunday,1,4,2,0,1858,1.937652173851487e+31,1.0428698459911124e+28,271,1088,499,82,2,1.7835,34.989,2.262099422270286e+31
2024-04-15,Monday,0,4,2,0,2387,2.262099422270286e+31,9.476746637077026e+27,422,1124,841,59,3,1.9906,35.8649,2.5667483243556378e+31
2024-04-16,Tuesday,0,4,2,0,2364,2.5667483243556378e+31,1.085764942620828e+28,312,1416,636,68,0,1.6754,35.0282,3.3388438496914566e+31
2024-04-17,Wednesday,0,4,2,0,2576,3.3388438496914566e+31,1.296135034818112e+28,642,1643,291,53,2,1.5092,34.3984,4.720699812007495e+31
2024-04-18,Thursday,0,4,2,0,2705,4.720699812007495e+31,1.745175531241218e+28,626,1419,660,56,3,1.6007,35.022,5.747697967856539e+31
2024-04-19,Friday,0,4,2,0,2544,5.747697967856539e+31,2.259315238937319e+28,469,1629,446,35,4,1.52,34.3922,9.32040150265116e+31
2024-04-20,Saturday,1,4,2,0,3343,9.32040150265116e+31,2.7880351488636432e+28,692,1530,1121,28,6,1.79,35.0874,8.15322705152601e+31
2024-04-21,Sunday,1,4,2,0,1833,8.15322705152601e+31,4.4480234869209005e+28,282,1009,542,59,0,2.028,35.4698,1.0043704083789029e+32
2024-04-22,Monday,0,4,2,0,2464,1.0043704083789029e+32,4.076178605433859e+28,487,1246,731,74,4,1.9107,35.8847,1.356292252297992e+32
2024-04-23,Tuesday,0,4,2,0,2619,1.356292252297992e+32,5.178664575402795e+28,291,1604,724,56,2,1.9066,35.4773,1.6389618475140248e+32
2024-04-24,Wednesday,0,4,2,0,2468,1.6389618475140248e+32,6.640850273557637e+28,251,1552,665,66,4,2.3938,34.5762,2.7754775567419928e+32
2024-04-25,Thursday,0,4,2,1,3393,2.7754775567419928e+32,8.180010482587659e+28,356,1897,1140,43,2,1.7242,34.4582,4.135682488517129e+32
2024-04-26,Friday,0,4,2,1,2871,4.135682488517129e+32,1.440502434175245e+29,296,1381,1194,48,1,2.0831,33.516,8.078015126820955e+32
2024-04-27,Saturday,1,4,2,1,3861,8.078015126820955e+32,2.0922080100546374e+29,597,2105,1159,83,6,1.5416,33.7527,1.0355923687064616e+33
2024-04-28,Sunday,1,4,2,1,2492,1.0355923687064616e+33,4.1556676111816276e+29,281,1100,1111,53,1,2.2614,35.6731,1.7611920184333072e+33
2024-04-29,Monday,0,4,2,1,3313,1.7611920184333072e+33,5.3160036777340994e+29,400,1419,1494,103,5,2.2096,35.7007,2.852559520399936e+33
2024-04-30,Tuesday,0,4,2,1,3369,2.852559520399936e+33,8.467080796675381e+29,363,1732,1274,50,4,1.8735,34.1388,3.751763371474882e+33
2024-05-01,Wednesday,0,5,2,0,2505,3.751763371474882e+33,1.4977099287324879e+30,290,1158,1057,35,4,2.4401,35.2172,4.1835021990320874e+33
2024-05-02,Thursday,0,5,2,0,2316,4.1835021990320874e+33,1.8063480997547874e+30,526,1049,741,89,2,1.8566,36.121,4.991929054712343e+33
2024-05-03,Friday,0,5,2,0,2334,4.991929054712343e+33,2.1387870842812093e+30,429,944,961,37,3,1.5933,34.108,7.467983170973895e+33
2024-05-04,Saturday,1,5,2,0,3000,7.467983170973895e+33,2.489327723657965e+30,657,1758,585,37,4,1.8256,36.4232,6.799049659090084e+33
2024-05-05,Sunday,1,5,2,0,1773,6.799049659090084e+33,3.8347713813254843e+30,229,933,611,80,0,2.0746,33.8728,8.007461284707235e+33
2024-05-06,Monday,0,5,2,0,2243,8.007461284707235e+33,3.5699782811891375e+30,387,1272,584,53,3,1.8829,34.9061,9.138900654999825e+33
2024-05-07,Tuesday,0,5,2,0,2385,9.138900654999825e+33,3.8318241740041194e+30,575,1339,471,64,1,2.0309,34.0705,1.1402917914623383e+34
2024-05-08,Wednesday,0,5,2,0,2403,1.1402917914623383e+34,4.7452841925190943e+30,385,1277,741,57,0,2.3746,33.7987,1.4380347542432623e+34
2024-05-09,Thursday,0,5,2,0,2407,1.4380347542432623e+34,5.974386182979901e+30,582,1243,582,67,0,1.7519,35.1251,1.756013049333682e+34
2024-05-10,Friday,0,5,2,0,2391,1.756013049333682e+34,7.344262021470857e+30,395,1116,880,47,3,1.9222,34.0902,2.628552456644168e+34
2024-05-11,Saturday,1,5,2,0,2856,2.628552456644168e+34,9.203615044272296e+30,523,1364,969,93,3,2.3685,34.9827,2.235932793459616e+34
2024-05-12,Sunday,1,5,2,0,1739,2.235932793459616e+34,1.2857577880733848e+31,274,1091,374,52,1,2.2413,35.1788,2.867687115469592e+34
2024-05-13,Monday,0,5,2,0,2607,2.867687115469592e+34,1.0999950577175268e+31,436,1590,581,105,1,1.5835,35.9489,3.5217151404256845e+34
2024-05-14,Tuesday,0,5,2,0,2433,3.5217151404256845e+34,1.4474784794186948e+31,320,1445,668,67,3,2.1089,36.3443,4.252592310570952e+34
2024-05-15,Wednesday,0,5,2,0,2450,4.252592310570952e+34,1.7357519634983478e+31,321,1261,868,32,0,1.7765,35.4995,4.631876569611458e+34
2024-05-16,Thursday,0,5,2,0,2253,4.631876569611458e+34,2.0558706478524003e+31,304,1452,497,72,3,1.537,34.6179,5.652283604372471e+34
2024-05-17,Friday,0,5,2,0,2441,5.652283604372471e+34,2.315560673647059e+31,606,1205,630,61,0,2.3604,35.7079,9.4453253683759e+34
2024-05-18,Saturday,1,5,2,0,3196,9.4453253683759e+34,2.9553583755869522e+31,506,1810,880,49,2,1.5904,36.3943,8.691554694689154e+34
2024-05-19,Sunday,1,5,2,0,1936,8.691554694689154e+34,4.489439408413819e+31,412,940,584,54,2,1.8065,33.7859,1.0828859421473853e+35
2024-05-20,Monday,0,5,2,0,2439,1.0828859421473853e+35,4.439876761571896e+31,516,1518,405,69,1,2.3725,34.0696,1.2659555946656234e+35
2024-05-21,Tuesday,0,5,2,0,2363,1.2659555946656234e+35,5.357408356604416e+31,524,1404,435,62,1,1.8952,34.6044,1.517175827725758e+35
2024-05-22,Wednesday,0,5,2,0,2521,1.517175827725758e+35,6.018150843814986e+31,483,1181,857,48,2,2.2903,34.7307,1.9092499588720572e+35
2024-05-23,Thursday,0,5,2,0,2523,1.9092499588720572e+35,7.567379940039862e+31,614,1163,746,75,1,1.9314,33.8334,2.4666475186473787e+35
2024-05-24,Friday,0,5,2,0,2513,2.4666475186473787e+35,9.815549218652521e+31,290,1065,1158,51,4,2.0959,34.8428,4.971986830705864e+35
2024-05-25,Saturday,1,5,2,1,3920,4.971986830705864e+35,1.2683639874249653e+32,953,2027,940,77,1,2.1259,35.9331,5.6914518497403044e+35
2024-05-26,Sunday,1,5,2,1,2286,5.6914518497403044e+35,2.489698971889897e+32,306,1348,632,75,1,1.8657,35.0021,8.421249984713577e+35
2024-05-27,Monday,0,5,2,1,3016,8.421249984713577e+35,2.7921916394938914e+32,372,1641,1003,90,0,1.5235,35.4463,1.3579068258075475e+36
2024-05-28,Tuesday,0,5,2,1,3276,1.3579068258075475e+36,4.1450147307922695e+32,817,1372,1087,61,2,1.9701,35.143,2.0592468886447564e+36
2024-05-29,Wednesday,0,5,2,1,3014,2.0592468886447564e+36,6.832272357812729e+32,445,1332,1237,70,4,1.8324,34.0572,2.92550681908224e+36
2024-05-30,Thursday,0,5,2,1,2962,2.92550681908224e+36,9.876795472931263e+32,619,1458,885,52,0,1.9371,34.1111,3.5903097799153744e+36
2024-05-31,Friday,0,5,2,1,2486,3.5903097799153744e+36,1.4442114963456856e+33,326,1500,660,61,4,1.7781,33.8596,4.9258936562275276e+36
2024-06-01,Saturday,1,6,2,0,2627,4.9258936562275276e+36,1.8751022673115825e+33,410,1196,1021,86,3,2.4699,34.7123,4.015711115966242e+36
2024-06-02,Sunday,1,6,2,0,1645,4.015711115966242e+36,2.4411617726238554e+33,210,945,490,44,2,1.7904,34.7643,4.390830876015181e+36
2024-06-03,Monday,0,6,2,0,2274,4.390830876015181e+36,1.9308842902441428e+33,491,1380,403,64,3,2.1545,33.5444,5.021413221875145e+36
2024-06-04,Tuesday,0,6,2,0,2193,5.021413221875145e+36,2.2897461112061764e+33,437,1182,574,56,2,2.3168,35.1705,5.672386924489798e+36
2024-06-05,Wednesday,0,6,2,0,2313,5.672386924489798e+36,2.4523938281408553e+33,413,1202,698,62,3,2.0182,34.2381,6.636472827755248e+36
2024-06-06,Thursday,0,6,2,0,2289,6.636472827755248e+36,2.8992891340127773e+33,439,963,887,59,1,2.0367,35.3638,7.94042157862408e+36
2024-06-07,Friday,0,6,2,0,2448,7.94042157862408e+36,3.2436362657778105e+33,474,1415,559,67,2,2.2465,34.8742,1.0347570868415388e+37
2024-06-08,Saturday,1,6,2,0,2734,1.0347570868415388e+37,3.7847735436779037e+33,602,1104,1028,58,0,1.628,34.1093,9.149155985473857e+36
2024-06-09,Sunday,1,6,2,0,1696,9.149155985473857e+36,5.394549519736945e+33,255,697,744,41,3,2.0979,33.5222,1.1657480429723203e+37
2024-06-10,Monday,0,6,2,0,2452,1.1657480429723203e+37,4.754274237244373e+33,545,1242,665,59,0,1.7012,35.9778,1.3557911088377988e+37
2024-06-11,Tuesday,0,6,2,0,2275,1.3557911088377988e+37,5.959521357528786e+33,291,1449,535,72,3,2.4349,35.311,1.5586822927313024e+37
2024-06-12,Wednesday,0,6,2,0,2303,1.5586822927313024e+37,6.768051640170658e+33,297,1073,933,52,1,2.0302,34.5505,1.7239211794750698e+37
2024-06-13,Thursday,0,6,2,0,2256,1.7239211794750698e+37,7.641494589871763e+33,322,1062,872,74,2,1.9248,35.1471,1.798875983402857e+37
2024-06-14,Friday,0,6,2,0,2105,1.798875983402857e+37,8.545729137305734e+33,369,1272,464,46,3,1.9061,35.4179,2.465153272309164e+37
2024-06-15,Saturday,1,6,2,0,2660,2.465153272309164e+37,9.26749350492167e+33,484,1505,671,41,0,1.978,35.934,2.0322412473116064e+37
2024-06-16,Sunday,1,6,2,0,1610,2.0322412473116064e+37,1.262261644292923e+34,270,871,469,50,1,1.5429,34.5349,2.301841131578958e+37
2024-06-17,Monday,0,6,2,0,2244,2.301841131578958e+37,1.0257759053382165e+34,337,1248,659,62,1,1.748,34.4225,2.429162710142443e+37
2024-06-18,Tuesday,0,6,2,0,2184,2.429162710142443e+37,1.1122539881604593e+34,228,995,961,54,3,2.0423,35.2035,3.1716583432985227e+37
2024-06-19,Wednesday,0,6,2,0,2506,3.1716583432985227e+37,1.2656258353146539e+34,410,1592,504,73,1,1.9964,35.0387,3.2381375941389223e+37
2024-06-20,Thursday,0,6,2,0,2104,3.2381375941389223e+37,1.5390387804842786e+34,408,1064,632,36,2,1.6825,33.8128,4.00439049493213e+37
2024-06-21,Friday,0,6,2,0,2578,4.00439049493213e+37,1.5532934425648293e+34,523,1279,776,36,4,2.2637,34.5408,5.257559722065149e+37
2024-06-22,Saturday,1,6,2,0,2744,5.257559722065149e+37,1.9160203068750543e+34,457,1286,1001,66,0,1.8563,35.8395,4.152838296699819e+37
2024-06-23,Sunday,1,6,2,0,1584,4.152838296699819e+37,2.6217413489266534e+34,203,791,590,82,1,2.2301,35.9844,4.806336952411028e+37
2024-06-24,Monday,0,6,2,0,2428,4.806336952411028e+37,1.9795456970391384e+34,262,991,1175,61,4,1.9265,34.2605,7.49658249401878e+37
2024-06-25,Tuesday,0,6,2,1,3030,7.49658249401878e+37,2.4741196349896963e+34,337,1326,1367,33,2,1.9014,33.5873,1.1618892426537171e+38
2024-06-26,Wednesday,0,6,2,1,3250,1.1618892426537171e+38,3.575043823549899e+34,408,2108,734,71,2,1.7817,34.2866,1.7140723967462206e+38
2024-06-27,Thursday,0,6,2,1,2820,1.7140723967462206e+38,6.078270910447591e+34,526,1677,617,63,3,1.6162,34.1008,2.5633008564013503e+38
2024-06-28,Friday,0,6,2,1,2911,2.5633008564013503e+38,8.805568039853487e+34,656,1474,781,62,1,2.4214,35.6975,4.5836977035916986e+38
2024-06-29,Saturday,1,6,2,1,3753,4.5836977035916986e+38,1.2213423137734342e+35,893,1946,914,55,6,1.785,36.3771,4.604112553522394e+38
2024-06-30,Sunday,1,6,2,1,2072,4.604112553522394e+38,2.2220620432057886e+35,234,1156,682,48,0,1.895,33.6288,5.1883891291748866e+38
2024-07-01,Monday,0,7,3,0,2231,5.1883891291748866e+38,2.3255890314544537e+35,375,1375,481,57,4,1.5719,35.5806,6.256584032729256e+38
2024-07-02,Tuesday,0,7,3,0,2304,6.256584032729256e+38,2.715531264205406e+35,365,1403,536,45,0,2.0078,34.3946,7.15552072786228e+38
2024-07-03,Wednesday,0,7,3,0,2274,7.15552072786228e+38,3.146666986746825e+35,269,1096,909,53,2,1.802,35.9889,7.053148983041967e+38
2024-07-04,Thursday,0,7,3,0,2041,7.053148983041967e+38,3.455731985811841e+35,441,1055,545,34,1,1.6371,35.4944,7.30652578668967e+38
2024-07-05,Friday,0,7,3,0,1983,7.30652578668967e+38,3.684581838976132e+35,341,1259,383,73,3,2.204,35.5218,9.21165826602665e+38
2024-07-06,Saturday,1,7,3,0,2512,9.21165826602665e+38,3.667061411634813e+35,521,1043,948,28,4,2.1145,33.7245,7.36387450891372e+38
2024-07-07,Sunday,1,7,3,0,1660,7.36387450891372e+38,4.436068981273325e+35,294,680,686,50,0,2.3023,35.9877,7.651530253271302e+38
2024-07-08,Monday,0,7,3,0,2091,7.651530253271302e+38,3.659268413807414e+35,255,1061,775,45,0,1.9604,35.155,8.986307647750544e+38
2024-07-09,Tuesday,0,7,3,0,2261,8.986307647750544e+38,3.974483700906919e+35,362,1409,490,35,1,2.0954,33.9958,9.706608934938119e+38
2024-07-10,Wednesday,0,7,3,0,2062,9.706608934938119e+38,4.707375817137788e+35,370,1011,681,43,2,2.2312,33.9439,1.0379387401092833e+39
2024-07-11,Thursday,0,7,3,0,2205,1.0379387401092833e+39,4.7072051705636434e+35,261,1133,811,66,2,1.6182,35.8971,1.2134278713661326e+39
2024-07-12,Friday,0,7,3,0,2304,1.2134278713661326e+39,5.266614025026617e+35,352,1097,855,53,0,1.5234,34.1059,1.543774803964993e+39
2024-07-13,Saturday,1,7,3,0,2637,1.543774803964993e+39,5.854284429142939e+35,559,1308,770,54,2,1.8678,35.6799,1.1842492581322317e+39
2024-07-14,Sunday,1,7,3,0,1464,1.1842492581322317e+39,8.089134276859506e+35,322,661,481,43,1,2.0287,33.6901,1.3332688122061064e+39
2024-07-15,Monday,0,7,3,0,2291,1.3332688122061064e+39,5.819593244024908e+35,252,1330,709,24,3,1.9631,33.8531,1.3183132127759094e+39
2024-07-16,Tuesday,0,7,3,0,2064,1.3183132127759094e+39,6.387176418487933e+35,302,960,802,88,1,2.4818,36.1971,1.4763891115626172e+39
2024-07-17,Wednesday,0,7,3,0,2346,1.4763891115626172e+39,6.2932187193632444e+35,269,1142,935,46,2,1.6733,35.2935,1.5409195857348907e+39
2024-07-18,Thursday,0,7,3,0,2160,1.5409195857348907e+39,7.133886970994865e+35,482,1211,467,62,4,2.2633,33.9657,1.7657849594471362e+39
2024-07-19,Friday,0,7,3,0,2310,1.7657849594471362e+39,7.644090733537386e+35,421,1270,619,60,1,2.3067,34.9529,1.937555530569167e+39
2024-07-20,Saturday,1,7,3,0,2284,1.937555530569167e+39,8.483167822106685e+35,229,1292,763,46,3,2.4361,33.7398,1.4067160491773142e+39
2024-07-21,Sunday,1,7,3,0,1427,1.4067160491773142e+39,9.857855985825608e+35,306,838,283,64,1,1.8982,34.8059,1.545538042082669e+39
2024-07-22,Monday,0,7,3,0,2143,1.545538042082669e+39,7.212030061048386e+35,414,1155,574,30,3,2.4137,36.3469,1.7278224548473274e+39
2024-07-23,Tuesday,0,7,3,0,2143,1.7278224548473274e+39,8.062633947024393e+35,500,1233,410,48,1,1.66,35.0111,1.908026394087551e+39
2024-07-24,Wednesday,0,7,3,0,2126,1.908026394087551e+39,8.9747243371945e+35,261,868,997,43,3,1.6648,35.4675,2.408415339967259e+39
2024-07-25,Thursday,0,7,3,1,2624,2.408415339967259e+39,9.178412118777664e+35,580,1601,443,38,1,1.6374,33.921,3.403465140590216e+39
2024-07-26,Friday,0,7,3,1,2814,3.403465140590216e+39,1.20947588507115e+36,596,1206,1012,66,2,2.2516,33.5094,5.781522404325594e+39
2024-07-27,Saturday,1,7,3,1,3402,5.781522404325594e+39,1.699448090630686e+36,529,1704,1169,46,5,1.7269,34.137,5.63527478109754e+39
2024-07-28,Sunday,1,7,3,1,1965,5.63527478109754e+39,2.867824316080173e+36,344,907,714,51,0,2.0025,35.1335,7.861118819521051e+39
2024-07-29,Monday,0,7,3,1,2885,7.861118819521051e+39,2.7248245474942986e+36,620,1512,753,51,5,1.7077,35.2049,1.156868447516437e+40
2024-07-30,Tuesday,0,7,3,1,2821,1.156868447516437e+40,4.100916155676842e+36,511,1773,537,77,0,2.4984,33.5653,1.219034894431002e+40
2024-07-31,Wednesday,0,7,3,1,2160,1.219034894431002e+40,5.643680066810194e+36,243,1051,866,64,4,1.7323,35.4341,1.2702701421108758e+40
2024-08-01,Thursday,0,8,3,0,2144,1.2702701421108758e+40,5.924767453875354e+36,231,1054,859,72,0,1.8767,35.0628,1.332205062636842e+40
2024-08-02,Friday,0,8,3,0,2180,1.332205062636842e+40,6.111032397416707e+36,449,1280,451,37,4,2.1217,36.0853,1.602700668484916e+40
2024-08-03,Saturday,1,8,3,0,2343,1.602700668484916e+40,6.840378439969766e+36,502,1367,474,45,4,1.5618,36.1232,1.1553448551998713e+40
2024-08-04,Sunday,1,8,3,0,1488,1.1553448551998713e+40,7.764414349461501e+36,345,777,366,80,2,1.8565,35.9813,1.1308180269360324e+40
2024-08-05,Monday,0,8,3,0,1901,1.1308180269360324e+40,5.948543013866557e+36,296,957,648,69,2,1.5142,35.6098,1.1673543266428043e+40
2024-08-06,Tuesday,0,8,3,0,2019,1.1673543266428043e+40,5.781844114129788e+36,416,1135,468,18,0,2.269,36.4966,1.1234999538820707e+40
2024-08-07,Wednesday,0,8,3,0,1996,1.1234999538820707e+40,5.62875728397831e+36,267,1230,499,65,3,2.2218,35.6219,1.131356331311461e+40
2024-08-08,Thursday,0,8,3,0,2108,1.131356331311461e+40,5.366965518555318e+36,387,1129,592,34,3,1.776,34.6687,1.112882965802111e+40
2024-08-09,Friday,0,8,3,0,2057,1.112882965802111e+40,5.410223460389456e+36,510,942,605,59,1,1.7544,36.3126,1.4674385436187695e+40
2024-08-10,Saturday,1,8,3,0,2595,1.4674385436187695e+40,5.654869146893138e+36,625,1435,535,44,5,2.1338,35.1043,1.0726354509627404e+40
2024-08-11,Sunday,1,8,3,0,1408,1.0726354509627404e+40,7.618149509678554e+36,183,584,641,56,1,1.5259,35.4639,1.1212459108449865e+40
2024-08-12,Monday,0,8,3,0,2016,1.1212459108449865e+40,5.561735668873941e+36,466,1152,398,19,1,1.7015,34.88,1.0844825722701654e+40
2024-08-13,Tuesday,0,8,3,0,1919,1.0844825722701654e+40,5.651290110839841e+36,414,838,667,37,1,1.7926,35.5747,1.0911088861367957e+40
2024-08-14,Wednesday,0,8,3,0,2105,1.0911088861367957e+40,5.1834151360417847e+36,326,869,910,91,2,1.837,34.7699,1.089128063853392e+40
2024-08-15,Thursday,0,8,3,0,2078,1.089128063853392e+40,5.241232261084658e+36,220,1160,698,39,4,2.2066,34.6617,1.029562203104852e+40
2024-08-16,Friday,0,8,3,0,1917,1.029562203104852e+40,5.370694851877163e+36,222,803,892,55,0,1.5347,33.7612,1.1494403821312345e+40
2024-08-17,Saturday,1,8,3,0,2277,1.1494403821312345e+40,5.0480473523550045e+36,399,1231,647,49,2,2.1291,34.9891,8.101035614818162e+39
2024-08-18,Sunday,1,8,3,0,1416,8.101035614818162e+39,5.721070349447854e+36,249,577,590,84,2,2.4442,33.5924,7.918998110741216e+39
2024-08-19,Monday,0,8,3,0,1915,7.918998110741216e+39,4.1352470552173454e+36,448,890,577,55,0,1.8373,34.0091,7.95217941256456e+39
2024-08-20,Tuesday,0,8,3,0,2044,7.95217941256456e+39,3.8904987341313895e+36,335,1197,512,52,2,1.9954,34.6169,7.493816682482609e+39
2024-08-21,Wednesday,0,8,3,0,1954,7.493816682482609e+39,3.8351160094588584e+36,317,1035,602,33,0,1.5065,35.2611,7.820736165227987e+39
2024-08-22,Thursday,0,8,3,0,2001,7.820736165227987e+39,3.9084138756761554e+36,276,879,846,42,2,2.1137,33.9872,8.440338225762325e+39
2024-08-23,Friday,0,8,3,0,2067,8.440338225762325e+39,4.0833760163339745e+36,474,1072,521,56,2,2.2267,33.6681,1.0503507999949228e+40
2024-08-24,Saturday,1,8,3,0,2452,1.0503507999949228e+40,4.283649265884677e+36,383,1571,498,64,2,2.4946,35.6404,1.0219766544670513e+40
2024-08-25,Sunday,1,8,3,1,1908,1.0219766544670513e+40,5.356271773936327e+36,284,1046,578,43,1,2.4941,36.0135,1.4811164522434847e+40
2024-08-26,Monday,0,8,3,1,2938,1.4811164522434847e+40,5.041240477343379e+36,403,1762,773,70,2,1.6591,36.3046,1.8604003413037076e+40
2024-08-27,Tuesday,0,8,3,1,2440,1.8604003413037076e+40,7.624591562720113e+36,312,1350,778,67,0,2.4151,34.3815,2.679261799549483e+40
2024-08-28,Wednesday,0,8,3,1,2764,2.679261799549483e+40,9.693421850757897e+36,338,1739,687,50,3,1.6027,34.2491,3.4090313502990466e+40
2024-08-29,Thursday,0,8,3,1,2661,3.4090313502990466e+40,1.2811091132277514e+37,480,1219,962,32,4,1.5966,34.8629,4.68824067620891e+40
2024-08-30,Friday,0,8,3,1,2771,4.68824067620891e+40,1.6918948669104693e+37,406,1648,717,53,3,1.8112,35.9459,5.946232271598664e+40
2024-08-31,Saturday,1,8,3,1,2607,5.946232271598664e+40,2.2808716039887473e+37,622,1261,724,52,3,1.6695,36.3017,4.260113584058945e+40
2024-09-01,Sunday,1,9,3,0,1488,4.260113584058945e+40,2.8629795591793986e+37,287,704,497,48,0,1.6704,36.2498,3.987802168604e+40
2024-09-02,Monday,0,9,3,0,1962,3.987802168604e+40,2.0325189442426094e+37,206,1010,746,83,2,2.1105,35.8271,3.9555315668134673e+40
2024-09-03,Tuesday,0,9,3,0,2082,3.9555315668134673e+40,1.8998710695549796e+37,297,1288,497,78,0,2.2046,36.3128,3.973831398408835e+40
2024-09-04,Wednesday,0,9,3,0,2066,3.973831398408835e+40,1.923442109588013e+37,210,932,924,30,3,2.2158,35.958,4.289407414813699e+40
2024-09-05,Thursday,0,9,3,0,2216,4.289407414813699e+40,1.9356531655296475e+37,238,1007,971,25,1,1.7958,34.3741,4.478015496932813e+40
2024-09-06,Friday,0,9,3,0,2009,4.478015496932813e+40,2.228977350389653e+37,218,915,876,18,2,1.9563,34.4807,5.212144092591914e+40
2024-09-07,Saturday,1,9,3,0,2375,5.212144092591914e+40,2.19458698635449e+37,460,1434,481,78,4,1.531,35.9025,3.434445675813403e+40
2024-09-08,Sunday,1,9,3,0,1369,3.434445675813403e+40,2.5087258406233766e+37,225,793,351,73,0,2.0963,33.9819,3.730487881845536e+40
2024-09-09,Monday,0,9,3,0,2086,3.730487881845536e+40,1.7883451015558657e+37,482,925,679,56,1,2.2048,33.6505,4.0700100640881136e+40
2024-09-10,Tuesday,0,9,3,0,2114,4.0700100640881136e+40,1.9252649309782941e+37,366,846,902,56,2,1.6164,33.6072,3.991748324575627e+40
2024-09-11,Wednesday,0,9,3,0,1918,3.991748324575627e+40,2.0812035060352591e+37,414,1244,260,65,1,1.9027,34.027,4.2650952185297843e+40
2024-09-12,Thursday,0,9,3,0,2044,4.2650952185297843e+40,2.0866414963452957e+37,293,1255,496,77,2,1.7432,36.2194,4.667647612993667e+40
2024-09-13,Friday,0,9,3,0,2093,4.667647612993667e+40,2.2301230831312314e+37,512,844,737,68,0,2.0727,34.7168,5.485600610554419e+40
2024-09-14,Saturday,1,9,3,0,2350,5.485600610554419e+40,2.3342981321508166e+37,392,1276,682,66,0,2.0184,36.0337,3.6144997463585343e+40
2024-09-15,Sunday,1,9,3,0,1360,3.6144997463585343e+40,2.6577204017342164e+37,247,843,270,54,1,2.1472,35.1397,3.424236890950411e+40
2024-09-16,Monday,0,9,3,0,1983,3.424236890950411e+40,1.7267962132881548e+37,335,805,843,15,1,2.365,36.4055,3.6904495922216654e+40
2024-09-17,Tuesday,0,9,3,0,2167,3.6904495922216654e+40,1.7030224237294257e+37,338,1369,460,50,3,1.5757,33.5007,3.895321826571154e+40
2024-09-18,Wednesday,0,9,3,0,2046,3.895321826571154e+40,1.90387186049421e+37,312,929,805,44,1,1.6036,36.3772,4.294107742067905e+40
2024-09-19,Thursday,0,9,3,0,2138,4.294107742067905e+40,2.0084694771131456e+37,351,1032,755,61,2,2.2862,36.3777,4.507241987313138e+40
2024-09-20,Friday,0,9,3,0,2112,4.507241987313138e+40,2.1341107894475086e+37,387,1012,713,57,2,2.0429,33.9734,5.578597953070505e+40
2024-09-21,Saturday,1,9,3,0,2420,5.578597953070505e+40,2.3052057657316135e+37,350,1258,812,69,4,2.1455,34.9145,3.6883886080507098e+40
2024-09-22,Sunday,1,9,3,0,1340,3.6883886080507098e+40,2.7525288119781416e+37,320,702,318,79,1,2.0039,33.7481,3.5573429912666387e+40
2024-09-23,Monday,0,9,3,0,1938,3.5573429912666387e+40,1.8355742988991943e+37,459,1094,385,81,1,2.0105,35.7018,3.4470912319648125e+40
2024-09-24,Tuesday,0,9,3,0,1847,3.4470912319648125e+40,1.866319021096271e+37,381,1198,268,38,0,1.7387,35.1622,4.564919454253775e+40
2024-09-25,Wednesday,0,9,3,1,2637,4.564919454253775e+40,1.7311033197776925e+37,357,1242,1038,39,1,1.8339,36.3871,6.243498518502938e+40
2024-09-26,Thursday,0,9,3,1,2721,6.243498518502938e+40,2.294560278758889e+37,445,1182,1094,14,1,2.1975,33.922,8.701564151840921e+40
2024-09-27,Friday,0,9,3,1,2850,8.701564151840921e+40,3.053180404154709e+37,583,1354,913,57,4,2.4474,35.3701,1.3727015342431744e+41
2024-09-28,Saturday,1,9,3,1,3131,1.3727015342431744e+41,4.384227193366894e+37,420,1543,1168,46,4,2.3373,35.4509,1.3147053177919108e+41
2024-09-29,Sunday,1,9,3,1,1872,1.3147053177919108e+41,7.022998492478156e+37,438,967,467,58,0,2.0426,34.5252,1.6741302276522742e+41
2024-09-30,Monday,0,9,3,1,2588,1.6741302276522742e+41,6.468818499429189e+37,539,1142,907,71,2,2.4445,36.185,1.8439701198592946e+41
2024-10-01,Tuesday,0,10,4,0,2133,1.8439701198592946e+41,8.644960711951687e+37,288,874,971,82,1,1.9335,34.9345,1.791072530928599e+41
2024-10-02,Wednesday,0,10,4,0,2032,1.791072530928599e+41,8.814333321499012e+37,449,963,620,58,3,1.8656,35.7614,1.9800627000696744e+41
2024-10-03,Thursday,0,10,4,0,2174,1.9800627000696744e+41,9.107924103356369e+37,292,986,896,64,0,2.1852,35.08,2.045707785452026e+41
2024-10-04,Friday,0,10,4,0,2091,2.045707785452026e+41,9.783394478488886e+37,387,1176,528,50,1,1.5787,34.7551,2.4023419127072113e+41
2024-10-05,Saturday,1,10,4,0,2383,2.4023419127072113e+41,1.0081166230412132e+38,528,981,874,54,1,2.0912,35.189,1.6960989158470351e+41
2024-10-06,Sunday,1,10,4,0,1424,1.6960989158470351e+41,1.1910806993307831e+38,171,596,657,70,1,1.9595,33.5732,1.5250337883412397e+41
2024-10-07,Monday,0,10,4,0,1861,1.5250337883412397e+41,8.194700635901342e+37,338,807,716,68,0,1.7408,34.6005,1.5554591804489662e+41
2024-10-08,Tuesday,0,10,4,0,2007,1.5554591804489662e+41,7.7501703061732245e+37,359,1262,386,45,2,1.8039,34.5428,1.4866962917117698e+41
2024-10-09,Wednesday,0,10,4,0,1989,1.4866962917117698e+41,7.47459171298024e+37,244,853,892,59,1,2.34,33.9131,1.3767958407089047e+41
2024-10-10,Thursday,0,10,4,0,1922,1.3767958407089047e+41,7.163349847600961e+37,376,1155,391,69,3,2.4474,34.2022,1.258759664144053e+41
2024-10-11,Friday,0,10,4,0,1858,1.258759664144053e+41,6.774809817782847e+37,456,779,623,95,1,2.2352,35.8433,1.4378193430665467e+41
2024-10-12,Saturday,1,10,4,0,2335,1.4378193430665467e+41,6.157684552747523e+37,439,1182,714,39,1,1.7831,35.3734,1.106261298723826e+41
2024-10-13,Sunday,1,10,4,0,1581,1.106261298723826e+41,6.997225165868603e+37,310,647,624,86,2,2.3538,35.3175,1.127083629429028e+41
2024-10-14,Monday,0,10,4,0,2045,1.127083629429028e+41,5.511411390850992e+37,442,1152,451,26,1,2.0581,35.5989,1.0808953014664062e+41
2024-10-15,Tuesday,0,10,4,0,1908,1.0808953014664062e+41,5.665069714184519e+37,205,812,891,100,2,1.795,34.2993,1.1750872353549638e+41
2024-10-16,Wednesday,0,10,4,0,2124,1.1750872353549638e+41,5.532425778507363e+37,488,1099,537,41,1,1.8006,36.4375,1.2478104312500201e+41
2024-10-17,Thursday,0,10,4,0,2150,1.2478104312500201e+41,5.803769447674512e+37,449,1327,374,50,3,2.4197,34.1606,1.2767272179658951e+41
2024-10-18,Friday,0,10,4,0,2008,1.2767272179658951e+41,6.358203276722585e+37,250,1253,505,15,0,2.3185,35.7247,1.5685548608687822e+41
2024-10-19,Saturday,1,10,4,0,2433,1.5685548608687822e+41,6.446999017134329e+37,575,1466,392,23,0,1.5192,36.1525,1.160184150027476e+41
2024-10-20,Sunday,1,10,4,0,1471,1.160184150027476e+41,7.887043847909422e+37,290,835,346,68,1,2.4838,35.3586,1.235547721349596e+41
2024-10-21,Monday,0,10,4,0,2178,1.235547721349596e+41,5.672854551651037e+37,325,1222,631,34,1,2.0084,34.7117,1.1930790789407905e+41
2024-10-22,Tuesday,0,10,4,0,1964,1.1930790789407905e+41,6.074740727804432e+37,402,1008,554,16,0,2.1284,36.2288,1.0824541192067137e+41
2024-10-23,Wednesday,0,10,4,0,1827,1.0824541192067137e+41,5.924762557234339e+37,252,1155,420,57,2,1.6808,35.2472,1.0307546599778837e+41
2024-10-24,Thursday,0,10,4,0,1978,1.0307546599778837e+41,5.211095348725398e+37,332,1107,539,70,2,1.627,35.7636,1.2920386267158939e+41
2024-10-25,Friday,0,10,4,1,2573,1.2920386267158939e+41,5.021525949148441e+37,525,1484,564,71,2,1.7629,35.4484,2.099194655069207e+41
2024-10-26,Saturday,1,10,4,1,3115,2.099194655069207e+41,6.738987656722975e+37,384,1335,1396,51,2,2.3414,35.4432,1.944678188988851e+41
2024-10-27,Sunday,1,10,4,1,1907,1.944678188988851e+41,1.0197578337644735e+38,292,1172,443,109,2,1.8115,34.4927,2.7142196530119626e+41
2024-10-28,Monday,0,10,4,1,2795,2.7142196530119626e+41,9.710982658361225e+37,546,1239,1010,65,4,2.1373,34.4822,4.092795351219354e+41
2024-10-29,Tuesday,0,10,4,1,2970,4.092795351219354e+41,1.3780455728011294e+38,522,1364,1084,50,4,1.5887,36.4627,5.3418231600021805e+41
2024-10-30,Wednesday,0,10,4,1,2652,5.3418231600021805e+41,2.0142621266976548e+38,437,1121,1094,49,3,1.532,33.8245,5.6660816457571756e+41
2024-10-31,Thursday,0,10,4,1,2143,5.6660816457571756e+41,2.6439951683421256e+38,374,1289,480,56,3,1.8592,36.4045,6.290093814014378e+41
2024-11-01,Friday,0,11,4,0,2145,6.290093814014378e+41,2.9324446685381712e+38,336,921,888,41,0,2.3831,33.8116,8.923574112587175e+41
2024-11-02,Saturday,1,11,4,0,2707,8.923574112587175e+41,3.2964810168404783e+38,375,1413,919,76,1,1.7037,35.4692,6.891582617757475e+41
2024-11-03,Sunday,1,11,4,0,1573,6.891582617757475e+41,4.3811714035330424e+38,229,816,528,98,2,1.7375,34.187,7.845115014490508e+41
2024-11-04,Monday,0,11,4,0,2211,7.845115014490508e+41,3.548220268878565e+38,383,915,913,66,0,2.3639,35.9414,8.97032770489356e+41
2024-11-05,Tuesday,0,11,4,0,2281,8.97032770489356e+41,3.93262941906776e+38,302,1298,681,54,1,2.3895,35.0668,9.37518354116869e+41
2024-11-06,Wednesday,0,11,4,0,2169,9.37518354116869e+41,4.322352946596906e+38,297,1342,530,68,4,2.1435,35.3341,9.977648253886015e+41
2024-11-07,Thursday,0,11,4,0,2125,9.977648253886015e+41,4.695363884181654e+38,267,1358,500,27,2,2.3438,33.732,1.0808127183093954e+42
2024-11-08,Friday,0,11,4,0,2084,1.0808127183093954e+42,5.186241450620899e+38,460,935,689,61,3,2.3703,35.5922,1.3966662896106658e+42
2024-11-09,Saturday,1,11,4,0,2679,1.3966662896106658e+42,5.213386672678857e+38,602,1505,572,63,4,2.3202,35.5295,1.0477347521412898e+42
2024-11-10,Sunday,1,11,4,0,1561,1.0477347521412898e+42,6.711945881750736e+38,298,762,501,47,2,1.8637,34.4026,1.173607479556011e+42
2024-11-11,Monday,0,11,4,0,2171,1.173607479556011e+42,5.405838229184758e+38,386,1008,777,35,0,1.5297,36.4308,1.4121263505669425e+42
2024-11-12,Tuesday,0,11,4,0,2388,1.4121263505669425e+42,5.913426928672288e+38,596,1364,428,61,3,2.2738,34.9715,1.4829345312033742e+42
2024-11-13,Wednesday,0,11,4,0,2096,1.4829345312033742e+42,7.075069328260373e+38,213,1005,878,64,3,1.8778,35.1523,1.60816591757666e+42
2024-11-14,Thursday,0,11,4,0,2075,1.60816591757666e+42,7.75019719314053e+38,354,1137,584,58,1,1.6657,36.3585,1.7400248158598258e+42
2024-11-15,Friday,0,11,4,0,2169,1.7400248158598258e+42,8.022244425356505e+38,410,1312,447,63,2,1.735,36.1556,2.42033296172716e+42
2024-11-16,Saturday,1,11,4,0,2803,2.42033296172716e+42,8.634794726104744e+38,640,1606,557,47,2,1.6809,34.2185,1.8584046925376535e+42
2024-11-17,Sunday,1,11,4,0,1600,1.8584046925376535e+42,1.1615029328360335e+39,290,751,559,92,0,2.3858,35.1533,2.2352542522891937e+42
2024-11-18,Monday,0,11,4,0,2338,2.2352542522891937e+42,9.560540001236928e+38,433,1029,876,61,3,2.3433,36.4658,2.4179269706676242e+42
2024-11-19,Tuesday,0,11,4,0,2104,2.4179269706676242e+42,1.149204833967502e+39,488,1215,401,93,4,2.1578,36.3241,2.5781454650165445e+42
2024-11-20,Wednesday,0,11,4,0,2201,2.5781454650165445e+42,1.171351869612242e+39,483,1235,483,44,3,1.8598,34.5987,2.853389467793081e+42
2024-11-21,Thursday,0,11,4,0,2164,2.853389467793081e+42,1.3185718427879302e+39,469,1319,376,63,2,2.2918,33.624,3.400914608928373e+42
2024-11-22,Friday,0,11,4,0,2446,3.400914608928373e+42,1.390398450093366e+39,539,1260,647,93,4,2.1201,35.3833,4.497497077125586e+42
2024-11-23,Saturday,1,11,4,0,2750,4.497497077125586e+42,1.635453482591122e+39,672,1386,692,80,4,2.2925,34.9219,3.715907388978915e+42
2024-11-24,Sunday,1,11,4,0,1607,3.715907388978915e+42,2.3123256932040543e+39,195,724,688,63,3,2.2701,34.9175,5.585957734174979e+42
2024-11-25,Monday,0,11,4,1,2932,5.585957734174979e+42,1.9051697592684104e+39,379,1870,683,28,5,1.5753,33.7888,7.729687941622997e+42
2024-11-26,Tuesday,0,11,4,1,2862,7.729687941622997e+42,2.7007994205531088e+39,530,1723,609,63,4,1.695,35.0036,1.1571067398740228e+43
2024-11-27,Wednesday,0,11,4,1,2944,1.1571067398740228e+43,3.9303897414199146e+39,518,1723,703,60,0,1.9798,36.4146,1.5932934141301207e+43
2024-11-28,Thursday,0,11,4,1,2714,1.5932934141301207e+43,5.870646330619457e+39,393,1239,1082,14,4,1.5658,34.6768,2.459688442479207e+43
2024-11-29,Friday,0,11,4,1,2978,2.459688442479207e+43,8.259531371656168e+39,302,1538,1138,83,2,1.7504,36.0704,4.286038295107234e+43
2024-11-30,Saturday,1,11,4,1,3366,4.286038295107234e+43,1.2733328268292436e+40,664,1835,867,44,4,1.6402,35.4962,3.6969399150648866e+43
2024-12-01,Sunday,1,12,4,0,1666,3.6969399150648866e+43,2.2190515696667986e+40,238,1017,411,33,0,2.4241,34.8414,4.324711677809055e+43
2024-12-02,Monday,0,12,4,0,2400,4.324711677809055e+43,1.8019631990871064e+40,272,1435,693,25,3,1.6599,35.036,5.651882953744419e+43
2024-12-03,Tuesday,0,12,4,0,2490,5.651882953744419e+43,2.2698325115439434e+40,304,1566,620,62,3,2.2901,33.6076,7.016501138819412e+43
2024-12-04,Wednesday,0,12,4,0,2539,7.016501138819412e+43,2.763490011350694e+40,321,1417,801,46,5,1.5044,36.1022,7.966037844336541e+43
2024-12-05,Thursday,0,12,4,0,2294,7.966037844336541e+43,3.472553550277481e+40,564,1312,418,97,3,2.3432,35.1833,9.750677631840415e+43
2024-12-06,Friday,0,12,4,0,2542,9.750677631840415e+43,3.8358291234620044e+40,359,1482,701,61,2,2.2383,36.1992,1.391576299547306e+44
2024-12-07,Saturday,1,12,4,0,2897,1.391576299547306e+44,4.803508110277204e+40,566,1641,690,37,1,2.1605,36.1274,1.2644700133896862e+44
2024-12-08,Sunday,1,12,4,0,1818,1.2644700133896862e+44,6.955280601703445e+40,387,790,641,46,3,1.9139,34.2009,1.5206785845878741e+44
2024-12-09,Monday,0,12,4,0,2415,1.5206785845878741e+44,6.296805733283122e+40,307,999,1109,94,0,2.4726,35.0836,1.9126368353236486e+44
2024-12-10,Tuesday,0,12,4,0,2446,1.9126368353236486e+44,7.81944740524795e+40,366,1019,1061,56,1,2.4539,35.9452,2.205955260056368e+44
2024-12-11,Wednesday,0,12,4,0,2272,2.205955260056368e+44,9.709310123487536e+40,306,1460,506,29,3,2.3975,35.199,2.697301774562944e+44
2024-12-12,Thursday,0,12,4,0,2473,2.697301774562944e+44,1.0907002727711055e+41,364,1602,507,36,0,1.738,34.3748,3.5571995604519413e+44
2024-12-13,Friday,0,12,4,0,2544,3.5571995604519413e+44,1.3982702674732473e+41,532,1646,366,50,1,2.3118,35.2193,5.404000068411951e+44
2024-12-14,Saturday,1,12,4,0,3054,5.404000068411951e+44,1.7694826681113133e+41,460,1414,1180,32,0,2.2356,35.4796,4.857539166744624e+44
2024-12-15,Sunday,1,12,4,0,1792,4.857539166744624e+44,2.71068033858517e+41,441,864,487,52,1,1.6907,35.7565,6.650147140333319e+44
2024-12-16,Monday,0,12,4,0,2618,6.650147140333319e+44,2.540163155207532e+41,332,1556,730,92,4,1.5034,36.1725,8.217041749414882e+44
2024-12-17,Tuesday,0,12,4,0,2383,8.217041749414882e+44,3.448192089557231e+41,391,1176,816,84,1,2.0379,35.0625,9.649226689138614e+44
2024-12-18,Wednesday,0,12,4,0,2420,9.649226689138614e+44,3.987283755842402e+41,273,1221,926,45,4,2.4311,33.944,1.1552234945625593e+45
2024-12-19,Thursday,0,12,4,0,2485,1.1552234945625593e+45,4.6487866984408825e+41,291,1146,1048,100,2,2.4859,36.0218,1.2724539299295182e+45
2024-12-20,Friday,0,12,4,0,2255,1.2724539299295182e+45,5.642811219199637e+41,483,974,798,78,3,2.4566,34.4961,1.8717696086368145e+45
2024-12-21,Saturday,1,12,4,0,2838,1.8717696086368145e+45,6.5953826942805306e+41,556,1636,646,75,3,1.7939,35.4914,1.7246204779640928e+45
2024-12-22,Sunday,1,12,4,0,1814,1.7246204779640928e+45,9.507279371356631e+41,439,1159,216,49,0,2.3052,33.7814,2.2039147669408196e+45
2024-12-23,Monday,0,12,4,0,2435,2.2039147669408196e+45,9.050984669161477e+41,266,1284,885,67,3,1.93,36.4674,2.6192275125543676e+45
2024-12-24,Tuesday,0,12,4,0,2408,2.6192275125543676e+45,1.0877190666754018e+42,412,1528,468,72,3,1.7968,35.5448,3.929292522394289e+45
2024-12-25,Wednesday,0,12,4,1,3099,3.929292522394289e+45,1.2679227242317808e+42,542,1677,880,61,5,1.9748,33.6077,5.919255471037745e+45
2024-12-26,Thursday,0,12,4,1,2899,5.919255471037745e+45,2.0418266543765936e+42,565,1316,1018,74,1,2.3578,35.6981,8.768491390552436e+45
2024-12-27,Friday,0,12,4,1,2882,8.768491390552436e+45,3.042502217401955e+42,615,1370,897,33,1,1.5529,35.7949,1.781197765681023e+46
2024-12-28,Saturday,1,12,4,1,3938,1.781197765681023e+46,4.5231025029990426e+42,822,1956,1160,67,6,2.2135,34.4489,1.9724136760241712e+46
2024-12-29,Sunday,1,12,4,1,2247,1.9724136760241712e+46,8.777986987201474e+42,493,1044,710,72,0,2.4606,35.5174,3.1353554153510673e+46
2024-12-30,Monday,0,12,4,1,3269,3.1353554153510673e+46,9.591175941728563e+42,520,1402,1347,47,5,2.4197,35.1384,3.1353554153510673e+46
